,Timestamp,S_M_10cm,S_M_45cm,S_M_80cm,Temperature,Humidity,Pressure,Luxes,Battery,Readings,Day,Date,Time
0,946685371,0.0,0.0,0.0,23.12,58.83,98354.7,615.0,0,0, Sun, 00/01/01, 00:09:31 
1,946685448,0.0,0.0,0.0,23.01,58.56,98354.12,609.0,0,1, Sun, 00/01/01, 00:10:48 
2,946685526,0.0,0.0,0.0,22.87,58.6,98351.9,597.0,0,2, Sun, 00/01/01, 00:12:06 
3,946685604,0.0,0.0,0.0,22.75,58.61,98345.1,599.0,0,3, Sun, 00/01/01, 00:13:24 
4,946685682,0.0,0.0,0.0,22.64,58.9,98344.24,575.0,0,4, Sun, 00/01/01, 00:14:42 
5,946685760,0.0,0.0,0.0,22.54,58.83,98337.7,591.0,0,5, Sun, 00/01/01, 00:16:00 
6,946685838,0.0,0.0,0.0,22.45,59.07,98337.89,579.0,0,6, Sun, 00/01/01, 00:17:18 
7,946685916,0.0,0.0,0.0,22.35,58.57,98329.74,568.0,0,7, Sun, 00/01/01, 00:18:36 
8,946685994,0.0,0.0,0.0,22.27,59.0,98332.94,558.0,0,8, Sun, 00/01/01, 00:19:54 
9,946686072,0.0,0.0,0.0,22.2,58.93,98327.75,572.0,0,9, Sun, 00/01/01, 00:21:12 
10,946686150,0.0,0.0,0.0,22.14,58.94,98321.51,558.0,0,10, Sun, 00/01/01, 00:22:30 
11,946686228,0.0,0.0,0.0,22.09,58.75,98325.26,562.0,0,11, Sun, 00/01/01, 00:23:48 
12,946686306,0.0,0.0,0.0,22.02,58.77,98315.5,512.0,0,12, Sun, 00/01/01, 00:25:06 
13,946686384,0.0,0.0,0.0,21.95,59.34,98315.72,528.0,0,13, Sun, 00/01/01, 00:26:24 
14,946686462,0.0,0.0,0.0,21.89,59.55,98310.31,577.0,0,14, Sun, 00/01/01, 00:27:42 
15,946686540,0.0,0.0,0.0,21.85,59.64,98311.08,555.0,0,15, Sun, 00/01/01, 00:29:00 
16,946686618,0.0,0.0,0.0,21.86,59.93,98313.78,567.0,0,16, Sun, 00/01/01, 00:30:18 
17,946686696,0.0,0.0,0.0,21.86,59.78,98308.38,569.0,0,17, Sun, 00/01/01, 00:31:36 
18,946686774,0.0,0.0,0.0,21.86,59.83,98309.44,545.0,1,18, Sun, 00/01/01, 00:32:54 
19,946686852,0.0,0.0,0.0,21.84,59.74,98305.92,568.0,1,19, Sun, 00/01/01, 00:34:12 
20,946686930,0.0,0.0,0.0,21.82,59.61,98302.44,568.0,2,20, Sun, 00/01/01, 00:35:30 
21,946687008,0.0,0.0,0.0,21.8,59.41,98301.87,535.0,2,21, Sun, 00/01/01, 00:36:48 
22,946687086,0.0,0.0,0.0,21.8,59.16,98295.63,561.0,2,22, Sun, 00/01/01, 00:38:06 
23,946687164,0.0,0.0,0.0,21.79,59.47,98295.07,552.0,3,23, Sun, 00/01/01, 00:39:24 
24,946687242,0.0,0.0,0.0,21.78,59.83,98289.12,524.0,3,24, Sun, 00/01/01, 00:40:42 
25,946687320,0.0,0.0,0.0,21.76,60.33,98279.39,524.0,3,25, Sun, 00/01/01, 00:42:00 
26,946687398,0.0,0.0,0.0,21.78,60.54,98274.81,448.0,4,26, Sun, 00/01/01, 00:43:18 
27,946687476,0.0,0.0,0.0,21.77,60.67,98275.64,482.0,4,27, Sun, 00/01/01, 00:44:36 
28,946687554,0.0,0.0,0.0,21.78,60.88,98272.67,482.0,4,28, Sun, 00/01/01, 00:45:54 
29,946687632,0.0,0.0,0.0,21.79,61.03,98271.62,488.0,5,29, Sun, 00/01/01, 00:47:12 
30,946687710,0.0,0.0,0.0,21.79,61.28,98278.38,512.0,5,30, Sun, 00/01/01, 00:48:30 
31,946687789,0.0,0.0,0.0,21.81,61.46,98272.2,191.0,5,31, Sun, 00/01/01, 00:49:49 
32,946687868,0.0,0.0,0.0,21.86,61.55,98264.39,220.0,5,32, Sun, 00/01/01, 00:51:08 
33,946687947,0.0,0.0,0.0,21.97,61.3,98259.34,238.0,6,33, Sun, 00/01/01, 00:52:27 
34,946688026,0.0,0.0,0.0,22.09,60.78,98260.21,235.0,6,34, Sun, 00/01/01, 00:53:46 
35,946688105,0.0,0.0,0.0,22.2,60.42,98245.15,219.0,6,35, Sun, 00/01/01, 00:55:05 
36,946688184,0.0,0.0,0.0,22.26,60.2,98237.37,226.0,7,36, Sun, 00/01/01, 00:56:24 
37,946688263,0.0,0.0,0.0,22.31,60.03,98240.07,223.0,7,37, Sun, 00/01/01, 00:57:43 
38,946688342,0.0,0.0,0.0,22.37,60.04,98238.2,229.0,7,38, Sun, 00/01/01, 00:59:02 
39,946688421,0.0,0.0,0.0,22.42,59.71,98224.18,235.0,8,39, Sun, 00/01/01, 01:00:21 
40,946688500,0.0,0.0,0.0,22.43,59.78,98222.84,269.0,8,40, Sun, 00/01/01, 01:01:40 
41,946688579,0.0,0.0,0.0,22.45,59.95,98219.87,277.0,8,41, Sun, 00/01/01, 01:02:59 
42,946688658,0.0,0.0,0.0,22.5,59.83,98214.5,265.0,8,42, Sun, 00/01/01, 01:04:18 
43,946688737,0.0,0.0,0.0,22.51,59.73,98212.34,299.0,9,43, Sun, 00/01/01, 01:05:37 
44,946688816,0.0,0.0,0.0,22.53,59.94,98203.97,284.0,9,44, Sun, 00/01/01, 01:06:56 
45,946688895,0.0,0.0,0.0,22.56,60.25,98205.32,284.0,9,45, Sun, 00/01/01, 01:08:15 
46,946688974,0.0,0.0,0.0,22.61,60.26,98200.78,298.0,10,46, Sun, 00/01/01, 01:09:34 
47,946689053,0.0,0.0,0.0,22.63,60.25,98191.06,211.0,10,47, Sun, 00/01/01, 01:10:53 
48,946689132,0.0,0.0,0.0,22.65,60.33,98193.49,233.0,11,48, Sun, 00/01/01, 01:12:12 
49,946689211,0.0,0.0,0.0,22.71,60.09,98188.37,221.0,12,49, Sun, 00/01/01, 01:13:31 
50,946689290,0.0,0.0,0.0,22.72,59.41,98182.42,214.0,13,50, Sun, 00/01/01, 01:14:50 
51,946689369,0.0,0.0,0.0,22.7,59.01,98189.99,222.0,13,51, Sun, 00/01/01, 01:16:09 
52,946689448,0.0,0.0,0.0,22.68,58.45,98179.74,193.0,13,52, Sun, 00/01/01, 01:17:28 
53,946689527,0.0,0.0,0.0,22.64,58.23,98180.25,199.0,13,53, Sun, 00/01/01, 01:18:47 
54,946689606,0.0,0.0,0.0,22.62,57.7,98180.77,189.0,14,54, Sun, 00/01/01, 01:20:06 
55,946689685,0.0,0.0,0.0,22.57,57.53,98174.28,191.0,14,55, Sun, 00/01/01, 01:21:25 
56,946689764,0.0,0.0,0.0,22.54,57.7,98171.28,181.0,14,56, Sun, 00/01/01, 01:22:44 
57,946689843,0.0,0.0,0.0,22.5,57.47,98159.39,193.0,14,57, Sun, 00/01/01, 01:24:03 
58,946689922,0.0,0.0,0.0,22.47,57.52,98168.82,185.0,14,58, Sun, 00/01/01, 01:25:22 
59,946690001,0.0,0.0,0.0,22.47,57.38,98169.92,189.0,14,59, Sun, 00/01/01, 01:26:41 
60,946690080,0.0,0.0,0.0,22.45,57.37,98167.22,180.0,14,60, Sun, 00/01/01, 01:28:00 
61,946690159,0.0,0.0,0.0,22.45,57.06,98161.79,178.0,14,61, Sun, 00/01/01, 01:29:19 
62,946690238,0.0,0.0,0.0,22.44,57.22,98156.39,214.0,15,62, Sun, 00/01/01, 01:30:38 
63,946690317,0.0,0.0,0.0,22.38,57.19,98152.6,203.0,15,63, Sun, 00/01/01, 01:31:57 
64,946690396,0.0,0.0,0.0,22.32,57.41,98151.78,165.0,15,64, Sun, 00/01/01, 01:33:16 
65,946690475,0.0,0.0,0.0,22.26,57.87,98146.62,205.0,15,65, Sun, 00/01/01, 01:34:35 
66,946690554,0.0,0.0,0.0,22.21,57.59,98139.59,262.0,15,66, Sun, 00/01/01, 01:35:54 
67,946690633,0.0,0.0,0.0,22.18,58.21,98135.28,234.0,15,67, Sun, 00/01/01, 01:37:13 
68,946690712,0.0,0.0,0.0,22.17,57.89,98132.04,260.0,15,68, Sun, 00/01/01, 01:38:32 
69,946690791,0.0,0.0,0.0,22.14,57.91,98129.86,271.0,15,69, Sun, 00/01/01, 01:39:51 
70,946690870,0.0,0.0,0.0,22.12,57.68,98131.19,270.0,15,70, Sun, 00/01/01, 01:41:10 
71,946690949,0.0,0.0,0.0,22.07,57.81,98133.62,241.0,15,71, Sun, 00/01/01, 01:42:29 
72,946691028,0.0,0.0,0.0,22.04,58.11,98127.94,250.0,15,72, Sun, 00/01/01, 01:43:48 
73,946691107,0.0,0.0,0.0,21.98,58.2,98127.9,253.0,15,73, Sun, 00/01/01, 01:45:07 
74,946691186,0.0,0.0,0.0,21.95,58.59,98122.24,249.0,15,74, Sun, 00/01/01, 01:46:26 
75,946691265,0.0,0.0,0.0,21.94,58.52,98123.3,221.0,15,75, Sun, 00/01/01, 01:47:45 
76,946691344,0.0,0.0,0.0,21.94,58.38,98124.39,241.0,15,76, Sun, 00/01/01, 01:49:04 
77,946691423,0.0,0.0,0.0,21.9,58.29,98115.75,223.0,15,77, Sun, 00/01/01, 01:50:23 
78,946691502,0.0,0.0,0.0,21.87,58.33,98113.01,195.0,15,78, Sun, 00/01/01, 01:51:42 
79,946691581,0.0,0.0,0.0,21.84,58.28,98119.74,197.0,16,79, Sun, 00/01/01, 01:53:01 
80,946691660,0.0,0.0,0.0,21.8,58.39,98108.64,224.0,16,80, Sun, 00/01/01, 01:54:20 
81,946691739,0.0,0.0,0.0,21.76,58.69,98106.72,176.0,16,81, Sun, 00/01/01, 01:55:39 
82,946691818,0.0,0.0,0.0,21.72,58.64,98109.15,175.0,16,82, Sun, 00/01/01, 01:56:58 
83,946691897,0.0,0.0,0.0,21.7,58.49,98108.6,164.0,16,83, Sun, 00/01/01, 01:58:17 
84,946691976,0.0,0.0,0.0,21.63,58.76,98099.69,171.0,16,84, Sun, 00/01/01, 01:59:36 
85,946692055,0.0,0.0,0.0,21.56,58.72,98103.67,161.0,10,85, Sun, 00/01/01, 02:00:55 
86,946692134,0.0,0.0,0.0,21.47,58.89,98103.62,219.0,16,86, Sun, 00/01/01, 02:02:14 
87,946692213,0.0,0.0,0.0,21.43,58.57,98104.43,231.0,17,87, Sun, 00/01/01, 02:03:33 
88,946692292,0.0,0.0,0.0,21.37,58.39,98096.56,226.0,17,88, Sun, 00/01/01, 02:04:52 
89,946692371,0.0,0.0,0.0,21.29,57.9,98087.06,222.0,17,89, Sun, 00/01/01, 02:06:11 
90,946692450,0.0,0.0,0.0,21.21,59.34,98087.55,444.0,17,90, Sun, 00/01/01, 02:07:30 
91,946692529,0.0,0.0,0.0,21.27,60.62,98084.64,548.0,17,91, Sun, 00/01/01, 02:08:49 
92,946692608,0.0,0.0,0.0,21.43,60.86,98085.55,536.0,17,92, Sun, 00/01/01, 02:10:08 
93,946692687,0.0,0.0,0.0,21.59,61.1,98091.55,583.0,17,93, Sun, 00/01/01, 02:11:27 
94,946692766,0.0,0.0,0.0,21.78,61.57,98082.99,535.0,17,94, Sun, 00/01/01, 02:12:46 
95,946692845,0.0,0.0,0.0,21.95,62.0,98080.67,509.0,18,95, Sun, 00/01/01, 02:14:05 
96,946692924,0.0,0.0,0.0,22.12,62.4,98071.8,477.0,18,96, Sun, 00/01/01, 02:15:24 
97,946693003,0.0,0.0,0.0,22.27,62.48,98073.72,335.0,18,97, Sun, 00/01/01, 02:16:43 
98,946693082,0.0,0.0,0.0,22.39,63.05,98072.12,473.0,18,98, Sun, 00/01/01, 02:18:02 
99,946693161,0.0,0.0,0.0,22.54,63.0,98068.63,610.0,18,99, Sun, 00/01/01, 02:19:21 
100,946693240,0.0,0.0,0.0,22.65,63.24,98061.37,617.0,18,100, Sun, 00/01/01, 02:20:40 
101,946693339,0.0,0.0,0.0,22.75,63.17,98058.67,627.0,18,101, Sun, 00/01/01, 02:22:19 
102,946693418,0.0,0.0,0.0,22.81,63.11,98054.06,619.0,18,102, Sun, 00/01/01, 02:23:38 
103,946693497,0.0,0.0,0.0,22.88,63.3,98051.91,625.0,18,103, Sun, 00/01/01, 02:24:57 
104,946693577,0.0,0.0,0.0,22.94,63.37,98041.9,622.0,18,104, Sun, 00/01/01, 02:26:17 
105,946693657,0.0,0.0,0.0,22.97,63.51,98038.1,616.0,18,105, Sun, 00/01/01, 02:27:37 
106,946693737,0.0,0.0,0.0,23.04,63.87,98032.7,616.0,18,106, Sun, 00/01/01, 02:28:57 
107,946693817,0.0,0.0,0.0,23.1,63.93,98029.97,620.0,18,107, Sun, 00/01/01, 02:30:17 
108,946693897,0.0,0.0,0.0,23.13,63.98,98021.05,613.0,18,108, Sun, 00/01/01, 02:31:37 
109,946693977,0.0,0.0,0.0,23.2,64.28,98016.7,611.0,19,109, Sun, 00/01/01, 02:32:57 
110,946694057,0.0,0.0,0.0,23.23,64.53,98017.24,611.0,19,110, Sun, 00/01/01, 02:34:17 
111,946694137,0.0,0.0,0.0,23.28,64.68,98006.67,619.0,19,111, Sun, 00/01/01, 02:35:37 
112,946694217,0.0,0.0,0.0,23.32,64.76,98007.77,632.0,19,112, Sun, 00/01/01, 02:36:57 
113,946694297,0.0,0.0,0.0,23.37,64.9,98009.65,648.0,19,113, Sun, 00/01/01, 02:38:17 
114,946694377,0.0,0.0,0.0,23.4,64.79,98005.31,640.0,19,114, Sun, 00/01/01, 02:39:37 
115,946694457,0.0,0.0,0.0,23.45,64.98,98003.67,641.0,19,115, Sun, 00/01/01, 02:40:57 
116,946694537,0.0,0.0,0.0,23.5,65.15,97998.25,629.0,20,116, Sun, 00/01/01, 02:42:17 
117,946694617,0.0,0.0,0.0,23.54,65.27,97998.5,617.0,20,117, Sun, 00/01/01, 02:43:37 
118,946694697,0.0,0.0,0.0,23.56,65.24,97989.81,608.0,20,118, Sun, 00/01/01, 02:44:57 
119,946694777,0.0,0.0,0.0,23.62,65.36,97990.62,607.0,20,119, Sun, 00/01/01, 02:46:17 
120,946694857,0.0,0.0,0.0,23.64,65.2,97988.44,606.0,20,120, Sun, 00/01/01, 02:47:37 
121,946694937,0.0,0.0,0.0,23.68,65.68,97982.46,602.0,20,121, Sun, 00/01/01, 02:48:57 
122,946695017,0.0,0.0,0.0,23.7,65.74,97985.44,604.0,20,122, Sun, 00/01/01, 02:50:17 
123,946695097,0.0,0.0,0.0,23.76,65.78,97985.4,598.0,20,123, Sun, 00/01/01, 02:51:37 
124,946695177,0.0,0.0,0.0,23.79,65.7,97988.63,598.0,20,124, Sun, 00/01/01, 02:52:57 
125,946695257,0.0,0.0,0.0,23.81,65.92,97991.32,594.0,20,125, Sun, 00/01/01, 02:54:17 
126,946695337,0.0,0.0,0.0,23.85,65.96,97986.44,603.0,20,126, Sun, 00/01/01, 02:55:37 
127,946695417,0.0,0.0,0.0,23.87,65.86,97982.34,602.0,21,127, Sun, 00/01/01, 02:56:57 
128,946695497,0.0,0.0,0.0,23.9,65.89,97989.62,603.0,21,128, Sun, 00/01/01, 02:58:17 
129,946695577,0.0,0.0,0.0,23.95,65.96,97990.15,616.0,21,129, Sun, 00/01/01, 02:59:37 
130,946695657,0.0,0.0,0.0,23.97,65.93,97990.43,630.0,21,130, Sun, 00/01/01, 03:00:57 
131,946695737,0.0,0.0,0.0,24.01,65.92,97987.96,648.0,21,131, Sun, 00/01/01, 03:02:17 
132,946695817,0.0,0.0,0.0,24.04,65.95,97987.41,657.0,22,132, Sun, 00/01/01, 03:03:37 
133,946695897,0.0,0.0,0.0,24.06,66.08,97990.39,658.0,22,133, Sun, 00/01/01, 03:04:57 
134,946695977,0.0,0.0,0.0,24.1,65.97,97983.57,650.0,22,134, Sun, 00/01/01, 03:06:17 
135,946696057,0.0,0.0,0.0,24.12,66.01,97995.47,558.0,22,135, Sun, 00/01/01, 03:07:37 
136,946696137,0.0,0.0,0.0,24.17,66.22,97989.5,634.0,22,136, Sun, 00/01/01, 03:08:57 
137,946696217,0.0,0.0,0.0,24.2,66.24,97984.32,626.0,22,137, Sun, 00/01/01, 03:10:17 
138,946696297,0.0,0.0,0.0,24.23,66.29,97983.49,627.0,7,138, Sun, 00/01/01, 03:11:37 
139,946696377,0.0,0.0,0.0,24.29,66.39,97986.16,632.0,22,139, Sun, 00/01/01, 03:12:57 
140,946696457,0.0,0.0,0.0,24.34,66.31,97989.92,633.0,22,140, Sun, 00/01/01, 03:14:17 
141,946696537,0.0,0.0,0.0,24.37,66.23,97980.4,632.0,22,141, Sun, 00/01/01, 03:15:37 
142,946696617,0.0,0.0,0.0,24.37,66.04,97983.37,638.0,22,142, Sun, 00/01/01, 03:16:57 
143,946696697,0.0,0.0,0.0,24.42,66.11,97978.49,644.0,23,143, Sun, 00/01/01, 03:18:17 
144,946696777,0.0,0.0,0.0,24.44,65.95,97973.59,643.0,23,144, Sun, 00/01/01, 03:19:37 
145,946696857,0.0,0.0,0.0,24.47,66.03,97976.53,643.0,23,145, Sun, 00/01/01, 03:20:57 
146,946696937,0.0,0.0,0.0,24.5,65.91,97976.24,636.0,23,146, Sun, 00/01/01, 03:22:17 
147,946697017,0.0,0.0,0.0,24.52,65.93,97972.15,627.0,23,147, Sun, 00/01/01, 03:23:37 
148,946697097,0.0,0.0,0.0,24.54,65.82,97973.49,621.0,23,148, Sun, 00/01/01, 03:24:57 
149,946697177,0.0,0.0,0.0,24.56,65.89,97963.18,595.0,23,149, Sun, 00/01/01, 03:26:17 
150,946697257,0.0,0.0,0.0,24.6,65.78,97969.12,608.0,23,150, Sun, 00/01/01, 03:27:37 
151,946697337,0.0,0.0,0.0,24.61,65.81,97960.4,614.0,23,151, Sun, 00/01/01, 03:28:57 
152,946697417,0.0,0.0,0.0,24.62,65.73,97958.22,599.0,24,152, Sun, 00/01/01, 03:30:17 
153,946697497,0.0,0.0,0.0,24.65,65.84,97967.69,619.0,24,153, Sun, 00/01/01, 03:31:37 
154,946697577,0.0,0.0,0.0,24.69,65.88,97965.5,625.0,24,154, Sun, 00/01/01, 03:32:57 
155,946697657,0.0,0.0,0.0,24.7,65.64,97964.12,626.0,24,155, Sun, 00/01/01, 03:34:17 
156,946697737,0.0,0.0,0.0,24.72,65.63,97954.62,584.0,24,156, Sun, 00/01/01, 03:35:37 
157,946697817,0.0,0.0,0.0,24.75,65.76,97953.28,589.0,12,157, Sun, 00/01/01, 03:36:57 
158,946697897,0.0,0.0,0.0,24.78,65.85,97949.99,285.0,12,158, Sun, 00/01/01, 03:38:17 
159,946697977,0.0,0.0,0.0,24.79,65.47,97942.37,312.0,12,159, Sun, 00/01/01, 03:39:37 
160,946698057,0.0,0.0,0.0,24.81,65.32,97950.5,313.0,12,160, Sun, 00/01/01, 03:40:57 
161,946698137,0.0,0.0,0.0,24.81,65.12,97946.71,312.0,12,161, Sun, 00/01/01, 03:42:17 
162,946698217,0.0,0.0,0.0,24.81,65.09,97944.0,312.0,12,162, Sun, 00/01/01, 03:43:37 
163,946698297,0.0,0.0,0.0,24.81,65.08,97942.89,310.0,12,163, Sun, 00/01/01, 03:44:57 
164,946698377,0.0,0.0,0.0,24.82,65.06,97933.94,308.0,12,164, Sun, 00/01/01, 03:46:17 
165,946698457,0.0,0.0,0.0,24.81,64.91,97942.89,306.0,12,165, Sun, 00/01/01, 03:47:37 
166,946698537,0.0,0.0,0.0,24.8,65.06,97935.87,305.0,12,166, Sun, 00/01/01, 03:48:57 
167,946698617,0.0,0.0,0.0,24.8,65.01,97934.24,304.0,12,167, Sun, 00/01/01, 03:50:17 
168,946698697,0.0,0.0,0.0,24.8,64.96,97933.42,303.0,12,168, Sun, 00/01/01, 03:51:37 
169,946698777,0.0,0.0,0.0,24.81,64.97,97938.05,302.0,12,169, Sun, 00/01/01, 03:52:57 
170,946698857,0.0,0.0,0.0,24.81,64.97,97925.29,301.0,11,170, Sun, 00/01/01, 03:54:17 
171,946698938,0.0,0.0,0.0,24.8,65.04,97927.74,300.0,11,171, Sun, 00/01/01, 03:55:38 
172,946699018,0.0,0.0,0.0,24.8,64.89,97928.81,299.0,11,172, Sun, 00/01/01, 03:56:58 
173,946699098,0.0,0.0,0.0,24.8,64.91,97926.1,296.0,11,173, Sun, 00/01/01, 03:58:18 
174,946699178,0.0,0.0,0.0,24.8,64.88,97922.31,295.0,11,174, Sun, 00/01/01, 03:59:38 
175,946699259,0.0,0.0,0.0,24.8,64.83,97926.1,294.0,11,175, Sun, 00/01/01, 04:00:59 
176,946699340,0.0,0.0,0.0,24.79,64.85,97931.52,293.0,11,176, Sun, 00/01/01, 04:02:20 
177,946699421,0.0,0.0,0.0,24.81,64.84,97927.74,292.0,11,177, Sun, 00/01/01, 04:03:41 
178,946699502,0.0,0.0,0.0,24.81,64.79,97927.74,291.0,11,178, Sun, 00/01/01, 04:05:02 
179,946699583,0.0,0.0,0.0,24.81,64.76,97926.62,290.0,11,179, Sun, 00/01/01, 04:06:23 
180,946699664,0.0,0.0,0.0,24.82,64.82,97937.47,288.0,11,180, Sun, 00/01/01, 04:07:44 
181,946699745,0.0,0.0,0.0,24.81,64.7,97929.34,288.0,11,181, Sun, 00/01/01, 04:09:05 
182,946699826,0.0,0.0,0.0,24.84,64.69,97926.62,286.0,11,182, Sun, 00/01/01, 04:10:26 
183,946699907,0.0,0.0,0.0,24.82,64.68,97926.62,284.0,11,183, Sun, 00/01/01, 04:11:47 
184,946699988,0.0,0.0,0.0,24.82,64.83,97930.15,284.0,10,184, Sun, 00/01/01, 04:13:08 
185,946700069,0.0,0.0,0.0,24.82,64.65,97929.34,284.0,10,185, Sun, 00/01/01, 04:14:29 
186,946700150,0.0,0.0,0.0,24.82,64.61,97931.75,283.0,10,186, Sun, 00/01/01, 04:15:50 
187,946700231,0.0,0.0,0.0,24.84,64.68,97936.39,283.0,10,187, Sun, 00/01/01, 04:17:11 
188,946700312,0.0,0.0,0.0,24.84,64.59,97937.99,283.0,10,188, Sun, 00/01/01, 04:18:32 
189,946700393,0.0,0.0,0.0,24.84,64.61,97933.67,281.0,10,189, Sun, 00/01/01, 04:19:53 
190,946700474,0.0,0.0,0.0,24.85,64.7,97937.99,278.0,10,190, Sun, 00/01/01, 04:21:14 
191,946700555,0.0,0.0,0.0,24.84,64.6,97937.99,277.0,10,191, Sun, 00/01/01, 04:22:35 
192,946700636,0.0,0.0,0.0,24.85,64.53,97937.99,275.0,7,192, Sun, 00/01/01, 04:23:56 
193,946700717,0.0,0.0,0.0,24.84,64.64,97933.37,273.0,10,193, Sun, 00/01/01, 04:25:17 
194,946700798,0.0,0.0,0.0,24.85,64.58,97941.51,271.0,10,194, Sun, 00/01/01, 04:26:38 
195,946700879,0.0,0.0,0.0,24.85,64.49,97936.09,269.0,10,195, Sun, 00/01/01, 04:27:59 
196,946700960,0.0,0.0,0.0,24.86,64.49,97943.11,268.0,10,196, Sun, 00/01/01, 04:29:20 
197,946701041,0.0,0.0,0.0,24.86,64.42,97936.9,267.0,10,197, Sun, 00/01/01, 04:30:41 
198,946701122,0.0,0.0,0.0,24.86,64.31,97948.26,265.0,10,198, Sun, 00/01/01, 04:32:02 
199,946701203,0.0,0.0,0.0,24.87,64.62,97946.64,263.0,10,199, Sun, 00/01/01, 04:33:23 
200,946701284,0.0,0.0,0.0,24.88,64.41,97950.99,261.0,9,200, Sun, 00/01/01, 04:34:44 
201,946701365,0.0,0.0,0.0,24.87,64.35,97950.99,260.0,9,201, Sun, 00/01/01, 04:36:05 
202,946701453,0.0,0.0,0.0,24.87,64.35,97954.47,258.0,9,202, Sun, 00/01/01, 04:37:33 
203,946701543,0.0,0.0,0.0,24.87,64.33,97949.05,256.0,9,203, Sun, 00/01/01, 04:39:03 
204,946701653,0.0,0.0,0.0,24.87,64.31,97945.56,252.0,9,204, Sun, 00/01/01, 04:40:53 
205,946701742,0.0,0.0,0.0,24.87,64.26,97949.87,251.0,9,205, Sun, 00/01/01, 04:42:22 
206,946701830,0.0,0.0,0.0,24.87,64.23,97949.87,249.0,9,206, Sun, 00/01/01, 04:43:50 
207,946701918,0.0,0.0,0.0,24.87,64.24,97955.3,247.0,9,207, Sun, 00/01/01, 04:45:18 
208,946702006,0.0,0.0,0.0,24.88,64.24,97945.26,244.0,9,208, Sun, 00/01/01, 04:46:46 
209,946702095,0.0,0.0,0.0,24.87,64.19,97956.11,241.0,9,209, Sun, 00/01/01, 04:48:15 
210,946702183,0.0,0.0,0.0,24.88,64.21,97944.45,237.0,9,210, Sun, 00/01/01, 04:49:43 
211,946702272,0.0,0.0,0.0,24.87,64.16,97942.55,235.0,9,211, Sun, 00/01/01, 04:51:12 
212,946702361,0.0,0.0,0.0,24.88,64.17,97946.07,232.0,9,212, Sun, 00/01/01, 04:52:41 
213,946702449,0.0,0.0,0.0,24.88,64.12,97944.45,229.0,9,213, Sun, 00/01/01, 04:54:09 
214,946702558,0.0,0.0,0.0,24.88,64.12,97943.37,225.0,9,214, Sun, 00/01/01, 04:55:58 
215,946702647,0.0,0.0,0.0,24.88,64.06,97953.4,221.0,9,215, Sun, 00/01/01, 04:57:27 
216,946702746,0.0,0.0,0.0,24.88,64.06,97945.26,218.0,9,216, Sun, 00/01/01, 04:59:06 
217,946702827,0.0,0.0,0.0,24.88,64.04,97948.8,216.0,9,217, Sun, 00/01/01, 05:00:27 
218,946702908,0.0,0.0,0.0,24.89,63.95,97950.39,213.0,9,218, Sun, 00/01/01, 05:01:48 
219,946702989,0.0,0.0,0.0,24.89,64.02,97947.68,206.0,9,219, Sun, 00/01/01, 05:03:09 
220,946703070,0.0,0.0,0.0,24.89,63.98,97947.68,199.0,9,220, Sun, 00/01/01, 05:04:30 
221,946703151,0.0,0.0,0.0,24.88,64.18,97944.15,195.0,9,221, Sun, 00/01/01, 05:05:51 
222,946703232,0.0,0.0,0.0,24.89,64.02,97955.0,193.0,9,222, Sun, 00/01/01, 05:07:12 
223,946703313,0.0,0.0,0.0,24.88,63.97,97950.39,191.0,9,223, Sun, 00/01/01, 05:08:33 
224,946703394,0.0,0.0,0.0,24.89,63.91,97950.39,187.0,9,224, Sun, 00/01/01, 05:09:54 
225,946703475,0.0,0.0,0.0,24.88,63.93,97950.69,185.0,5,225, Sun, 00/01/01, 05:11:15 
226,946703556,0.0,0.0,0.0,24.89,63.92,97954.22,182.0,9,226, Sun, 00/01/01, 05:12:36 
227,946703637,0.0,0.0,0.0,24.88,63.89,97957.7,179.0,9,227, Sun, 00/01/01, 05:13:57 
228,946703718,0.0,0.0,0.0,24.88,63.89,97958.81,176.0,9,228, Sun, 00/01/01, 05:15:18 
229,946703799,0.0,0.0,0.0,24.88,63.89,97952.57,173.0,9,229, Sun, 00/01/01, 05:16:39 
230,946703880,0.0,0.0,0.0,24.89,63.85,97950.69,169.0,9,230, Sun, 00/01/01, 05:18:00 
231,946703961,0.0,0.0,0.0,24.88,63.86,97940.65,167.0,9,231, Sun, 00/01/01, 05:19:21 
232,946704042,0.0,0.0,0.0,24.89,63.85,97947.97,165.0,9,232, Sun, 00/01/01, 05:20:42 
233,946704123,0.0,0.0,0.0,24.88,63.67,97950.69,163.0,9,233, Sun, 00/01/01, 05:22:03 
234,946704204,0.0,0.0,0.0,24.89,63.79,97947.68,161.0,9,234, Sun, 00/01/01, 05:23:24 
235,946704285,0.0,0.0,0.0,24.9,63.79,97949.57,161.0,9,235, Sun, 00/01/01, 05:24:45 
236,946704366,0.0,0.0,0.0,24.89,63.8,97957.7,163.0,9,236, Sun, 00/01/01, 05:26:06 
237,946704447,0.0,0.0,0.0,24.89,63.75,97946.86,163.0,9,237, Sun, 00/01/01, 05:27:27 
238,946704528,0.0,0.0,0.0,24.89,63.78,97946.07,164.0,9,238, Sun, 00/01/01, 05:28:48 
239,946704609,0.0,0.0,0.0,24.89,63.77,97944.15,162.0,9,239, Sun, 00/01/01, 05:30:09 
240,946704690,0.0,0.0,0.0,24.89,63.75,97938.72,157.0,9,240, Sun, 00/01/01, 05:31:30 
241,946704771,0.0,0.0,0.0,24.89,63.7,97936.82,150.0,9,241, Sun, 00/01/01, 05:32:51 
242,946704852,0.0,0.0,0.0,24.89,63.66,97938.72,143.0,9,242, Sun, 00/01/01, 05:34:12 
243,946704933,0.0,0.0,0.0,24.9,63.68,97936.01,136.0,9,243, Sun, 00/01/01, 05:35:33 
244,946705014,0.0,0.0,0.0,24.89,63.69,97936.01,130.0,9,244, Sun, 00/01/01, 05:36:54 
245,946705095,0.0,0.0,0.0,24.9,63.92,97928.7,125.0,8,245, Sun, 00/01/01, 05:38:15 
246,946705177,0.0,0.0,0.0,24.9,63.64,97934.94,120.0,8,246, Sun, 00/01/01, 05:39:37 
247,946705259,0.0,0.0,0.0,24.9,63.62,97929.51,114.0,8,247, Sun, 00/01/01, 05:40:59 
248,946705341,0.0,0.0,0.0,24.9,63.61,97923.28,108.0,8,248, Sun, 00/01/01, 05:42:21 
249,946705423,0.0,0.0,0.0,24.9,63.63,97923.28,104.0,8,249, Sun, 00/01/01, 05:43:43 
250,946705505,0.0,0.0,0.0,24.9,63.63,97925.99,99.0,8,250, Sun, 00/01/01, 05:45:05 
251,946705587,0.0,0.0,0.0,24.89,63.6,97931.4,96.0,8,251, Sun, 00/01/01, 05:46:27 
252,946705669,0.0,0.0,0.0,24.89,63.54,97914.32,92.0,8,252, Sun, 00/01/01, 05:47:49 
253,946705751,0.0,0.0,0.0,24.89,63.54,97917.86,89.0,8,253, Sun, 00/01/01, 05:49:11 
254,946705833,0.0,0.0,0.0,24.9,63.54,97914.32,86.0,8,254, Sun, 00/01/01, 05:50:33 
255,946705915,0.0,0.0,0.0,24.89,63.52,97910.84,83.0,8,255, Sun, 00/01/01, 05:51:55 
256,946705997,0.0,0.0,0.0,24.89,63.47,97908.12,79.0,8,256, Sun, 00/01/01, 05:53:17 
257,946706079,0.0,0.0,0.0,24.88,63.5,97904.59,75.0,8,257, Sun, 00/01/01, 05:54:39 
258,946706161,0.0,0.0,0.0,24.88,63.48,97908.12,71.0,8,258, Sun, 00/01/01, 05:56:01 
259,946706243,0.0,0.0,0.0,24.88,63.46,97918.97,67.0,8,259, Sun, 00/01/01, 05:57:23 
260,946706325,0.0,0.0,0.0,24.88,63.45,97911.91,64.0,8,260, Sun, 00/01/01, 05:58:45 
261,946706407,0.0,0.0,0.0,24.88,63.51,97911.91,59.0,8,261, Sun, 00/01/01, 06:00:07 
262,946706489,0.0,0.0,0.0,24.88,63.55,97913.55,55.0,8,262, Sun, 00/01/01, 06:01:29 
263,946706571,0.0,0.0,0.0,24.88,63.4,97912.74,51.0,8,263, Sun, 00/01/01, 06:02:51 
264,946706653,0.0,0.0,0.0,24.88,63.41,97909.2,45.0,8,264, Sun, 00/01/01, 06:04:13 
265,946706735,0.0,0.0,0.0,24.88,63.38,97917.34,41.0,8,265, Sun, 00/01/01, 06:05:35 
266,946706817,0.0,0.0,0.0,24.87,63.43,97911.91,36.0,8,266, Sun, 00/01/01, 06:06:57 
267,946706899,0.0,0.0,0.0,24.87,63.26,97911.91,32.0,8,267, Sun, 00/01/01, 06:08:19 
268,946706981,0.0,0.0,0.0,24.88,63.37,97908.39,29.0,8,268, Sun, 00/01/01, 06:09:41 
269,946707063,0.0,0.0,0.0,24.87,63.33,97908.39,25.0,8,269, Sun, 00/01/01, 06:11:03 
270,946707145,0.0,0.0,0.0,24.87,63.32,97905.68,22.0,8,270, Sun, 00/01/01, 06:12:25 
271,946707227,0.0,0.0,0.0,24.87,63.17,97904.07,18.0,8,271, Sun, 00/01/01, 06:13:47 
272,946707309,0.0,0.0,0.0,24.87,63.32,97910.31,16.0,8,272, Sun, 00/01/01, 06:15:09 
273,946707391,0.0,0.0,0.0,24.87,63.22,97916.81,13.0,8,273, Sun, 00/01/01, 06:16:31 
274,946707473,0.0,0.0,0.0,24.87,63.27,97910.31,11.0,8,274, Sun, 00/01/01, 06:17:53 
275,946707555,0.0,0.0,0.0,24.87,63.26,97922.24,8.0,8,275, Sun, 00/01/01, 06:19:15 
276,946707637,0.0,0.0,0.0,24.86,63.25,97909.5,8.0,8,276, Sun, 00/01/01, 06:20:37 
277,946707719,0.0,0.0,0.0,24.87,63.23,97914.11,6.0,8,277, Sun, 00/01/01, 06:21:59 
278,946707801,0.0,0.0,0.0,24.86,63.15,97916.81,5.0,8,278, Sun, 00/01/01, 06:23:21 
279,946707883,0.0,0.0,0.0,24.86,63.28,97918.72,3.0,8,279, Sun, 00/01/01, 06:24:43 
280,946707965,0.0,0.0,0.0,24.85,63.36,97913.3,3.0,8,280, Sun, 00/01/01, 06:26:05 
281,946708047,0.0,0.0,0.0,24.86,63.27,97916.3,3.0,8,281, Sun, 00/01/01, 06:27:27 
282,946708129,0.0,0.0,0.0,24.86,63.28,97904.37,2.0,8,282, Sun, 00/01/01, 06:28:49 
283,946708211,0.0,0.0,0.0,24.86,63.3,97912.5,2.0,8,283, Sun, 00/01/01, 06:30:11 
284,946708293,0.0,0.0,0.0,24.86,63.07,97914.4,1.0,8,284, Sun, 00/01/01, 06:31:33 
285,946708375,0.0,0.0,0.0,24.85,63.31,97915.22,0.0,8,285, Sun, 00/01/01, 06:32:55 
286,946708457,0.0,0.0,0.0,24.84,63.29,97908.16,1.0,6,286, Sun, 00/01/01, 06:34:17 
287,946708539,0.0,0.0,0.0,24.85,63.33,97910.87,0.0,8,287, Sun, 00/01/01, 06:35:39 
288,946708621,0.0,0.0,0.0,24.84,63.31,97913.59,0.0,8,288, Sun, 00/01/01, 06:37:01 
289,946708703,0.0,0.0,0.0,24.84,63.3,97908.16,0.0,8,289, Sun, 00/01/01, 06:38:23 
290,946708785,0.0,0.0,0.0,24.84,63.37,97905.45,0.0,8,290, Sun, 00/01/01, 06:39:45 
291,946708867,0.0,0.0,0.0,24.84,63.32,97909.28,0.0,8,291, Sun, 00/01/01, 06:41:07 
292,946708949,0.0,0.0,0.0,24.84,63.32,97905.45,0.0,8,292, Sun, 00/01/01, 06:42:29 
293,946709031,0.0,0.0,0.0,24.84,63.36,97905.45,0.0,8,293, Sun, 00/01/01, 06:43:51 
294,946709113,0.0,0.0,0.0,24.85,63.39,97916.3,0.0,8,294, Sun, 00/01/01, 06:45:13 
295,946709195,0.0,0.0,0.0,24.82,63.4,97908.16,0.0,8,295, Sun, 00/01/01, 06:46:35 
296,946709277,0.0,0.0,0.0,24.85,63.45,97908.16,0.0,8,296, Sun, 00/01/01, 06:47:57 
297,946709359,0.0,0.0,0.0,24.84,63.48,97905.45,0.0,8,297, Sun, 00/01/01, 06:49:19 
298,946709441,0.0,0.0,0.0,24.85,63.52,97910.87,0.0,5,298, Sun, 00/01/01, 06:50:41 
299,946709523,0.0,0.0,0.0,24.85,63.55,97909.28,0.0,8,299, Sun, 00/01/01, 06:52:03 
300,946709605,0.0,0.0,0.0,24.84,63.55,97908.16,0.0,8,300, Sun, 00/01/01, 06:53:25 
301,946709687,0.0,0.0,0.0,24.85,63.59,97908.16,0.0,8,301, Sun, 00/01/01, 06:54:47 
302,946709769,0.0,0.0,0.0,24.85,63.65,97905.45,0.0,8,302, Sun, 00/01/01, 06:56:09 
303,946709851,0.0,0.0,0.0,24.85,63.7,97909.8,0.0,8,303, Sun, 00/01/01, 06:57:31 
304,946709933,0.0,0.0,0.0,24.85,63.74,97909.8,0.0,8,304, Sun, 00/01/01, 06:58:53 
305,946710015,0.0,0.0,0.0,24.85,63.77,97919.01,0.0,8,305, Sun, 00/01/01, 07:00:15 
306,946710097,0.0,0.0,0.0,24.85,63.83,97912.5,0.0,8,306, Sun, 00/01/01, 07:01:37 
307,946710179,0.0,0.0,0.0,24.86,63.85,97923.35,0.0,8,307, Sun, 00/01/01, 07:02:59 
308,946710261,0.0,0.0,0.0,24.85,63.93,97923.35,0.0,8,308, Sun, 00/01/01, 07:04:21 
309,946710343,0.0,0.0,0.0,24.86,63.98,97911.69,0.0,8,309, Sun, 00/01/01, 07:05:43 
310,946710425,0.0,0.0,0.0,24.86,63.98,97925.25,0.0,8,310, Sun, 00/01/01, 07:07:05 
311,946710507,0.0,0.0,0.0,24.85,64.01,97924.13,0.0,8,311, Sun, 00/01/01, 07:08:27 
312,946710589,0.0,0.0,0.0,24.85,64.05,97924.13,0.0,8,312, Sun, 00/01/01, 07:09:49 
313,946710671,0.0,0.0,0.0,24.86,64.08,97924.95,0.0,8,313, Sun, 00/01/01, 07:11:11 
314,946710753,0.0,0.0,0.0,24.87,64.21,97931.49,0.0,7,314, Sun, 00/01/01, 07:12:33 
315,946710835,0.0,0.0,0.0,24.87,64.24,97929.56,0.0,8,315, Sun, 00/01/01, 07:13:55 
316,946710917,0.0,0.0,0.0,24.86,64.24,97933.09,0.0,7,316, Sun, 00/01/01, 07:15:17 
317,946711008,0.0,0.0,0.0,24.87,64.28,97929.56,0.0,7,317, Sun, 00/01/01, 07:16:48 
318,946711099,0.0,0.0,0.0,24.86,64.37,97934.19,0.0,7,318, Sun, 00/01/01, 07:18:19 
319,946711203,0.0,0.0,0.0,24.87,64.42,97928.77,0.0,7,319, Sun, 00/01/01, 07:20:03 
320,946711286,0.0,0.0,0.0,24.86,64.57,97933.09,0.0,7,320, Sun, 00/01/01, 07:21:26 
321,946711369,0.0,0.0,0.0,24.87,64.59,97932.26,0.0,7,321, Sun, 00/01/01, 07:22:49 
322,946711452,0.0,0.0,0.0,24.87,64.67,97926.84,0.0,7,322, Sun, 00/01/01, 07:24:12 
323,946711535,0.0,0.0,0.0,24.87,64.72,97935.8,0.0,7,323, Sun, 00/01/01, 07:25:35 
324,946711618,0.0,0.0,0.0,24.86,64.74,97929.56,0.0,7,324, Sun, 00/01/01, 07:26:58 
325,946711701,0.0,0.0,0.0,24.87,64.84,97940.14,0.0,7,325, Sun, 00/01/01, 07:28:21 
326,946711784,0.0,0.0,0.0,24.87,64.9,97931.19,0.0,7,326, Sun, 00/01/01, 07:29:44 
327,946711867,0.0,0.0,0.0,24.87,64.98,97934.72,0.0,7,327, Sun, 00/01/01, 07:31:07 
328,946711950,0.0,0.0,0.0,24.87,65.1,97930.37,0.0,7,328, Sun, 00/01/01, 07:32:30 
329,946712033,0.0,0.0,0.0,24.87,65.07,97928.47,0.0,7,329, Sun, 00/01/01, 07:33:53 
330,946712116,0.0,0.0,0.0,24.87,65.1,97935.8,0.0,7,330, Sun, 00/01/01, 07:35:16 
331,946712199,0.0,0.0,0.0,24.87,65.18,97934.99,0.0,7,331, Sun, 00/01/01, 07:36:39 
332,946712282,0.0,0.0,0.0,24.87,65.34,97945.56,0.0,7,332, Sun, 00/01/01, 07:38:02 
333,946712365,0.0,0.0,0.0,24.87,65.33,97950.99,0.0,7,333, Sun, 00/01/01, 07:39:25 
334,946712448,0.0,0.0,0.0,24.87,65.44,97951.25,0.0,5,334, Sun, 00/01/01, 07:40:48 
335,946712531,0.0,0.0,0.0,24.87,65.52,97946.64,0.0,7,335, Sun, 00/01/01, 07:42:11 
336,946712614,0.0,0.0,0.0,24.87,65.44,97962.9,0.0,7,336, Sun, 00/01/01, 07:43:34 
337,946712697,0.0,0.0,0.0,24.87,65.79,97961.01,0.0,7,337, Sun, 00/01/01, 07:44:57 
338,946712780,0.0,0.0,0.0,24.87,65.46,97962.09,0.0,7,338, Sun, 00/01/01, 07:46:20 
339,946712863,0.0,0.0,0.0,24.87,65.75,97958.3,0.0,7,339, Sun, 00/01/01, 07:47:43 
340,946712946,0.0,0.0,0.0,24.86,65.88,97960.19,0.0,7,340, Sun, 00/01/01, 07:49:06 
341,946713029,0.0,0.0,0.0,24.87,65.88,97961.01,0.0,7,341, Sun, 00/01/01, 07:50:29 
342,946713112,0.0,0.0,0.0,24.86,66.05,97967.25,0.0,5,342, Sun, 00/01/01, 07:51:52 
343,946713195,0.0,0.0,0.0,24.86,65.96,97956.67,0.0,7,343, Sun, 00/01/01, 07:53:15 
344,946713278,0.0,0.0,0.0,24.86,65.99,97970.22,0.0,7,344, Sun, 00/01/01, 07:54:38 
345,946713361,0.0,0.0,0.0,24.87,66.12,97965.61,0.0,7,345, Sun, 00/01/01, 07:56:01 
346,946713444,0.0,0.0,0.0,24.87,66.16,97968.32,0.0,7,346, Sun, 00/01/01, 07:57:24 
347,946713527,0.0,0.0,0.0,24.86,66.29,97968.32,0.0,7,347, Sun, 00/01/01, 07:58:47 
348,946713610,0.0,0.0,0.0,24.87,66.32,97967.5,0.0,5,348, Sun, 00/01/01, 08:00:10 
349,946713693,0.0,0.0,0.0,24.87,66.3,97973.75,0.0,7,349, Sun, 00/01/01, 08:01:33 
350,946713776,0.0,0.0,0.0,24.87,66.52,97974.56,0.0,7,350, Sun, 00/01/01, 08:02:56 
351,946713859,0.0,0.0,0.0,24.87,66.37,97968.32,0.0,7,351, Sun, 00/01/01, 08:04:19 
352,946713942,0.0,0.0,0.0,24.87,66.19,97974.56,0.0,7,352, Sun, 00/01/01, 08:05:42 
353,946714025,0.0,0.0,0.0,24.87,66.53,97967.5,0.0,7,353, Sun, 00/01/01, 08:07:05 
354,946714108,0.0,0.0,0.0,24.87,66.47,97962.9,0.0,7,354, Sun, 00/01/01, 08:08:28 
355,946714191,0.0,0.0,0.0,24.87,66.54,97969.14,0.0,7,355, Sun, 00/01/01, 08:09:51 
356,946714274,0.0,0.0,0.0,24.87,66.74,97968.32,0.0,7,356, Sun, 00/01/01, 08:11:14 
357,946714357,0.0,0.0,0.0,24.87,66.66,97971.86,0.0,7,357, Sun, 00/01/01, 08:12:37 
358,946714440,0.0,0.0,0.0,24.87,66.81,97975.37,0.0,7,358, Sun, 00/01/01, 08:14:00 
359,946714523,0.0,0.0,0.0,24.87,66.63,97973.75,0.0,7,359, Sun, 00/01/01, 08:15:23 
360,946714606,0.0,0.0,0.0,24.87,66.91,97972.67,0.0,7,360, Sun, 00/01/01, 08:16:46 
361,946714689,0.0,0.0,0.0,24.87,66.43,97974.56,0.0,5,361, Sun, 00/01/01, 08:18:09 
362,946714772,0.0,0.0,0.0,24.87,66.83,97974.26,0.0,7,362, Sun, 00/01/01, 08:19:32 
363,946714855,0.0,0.0,0.0,24.87,66.61,97977.8,0.0,7,363, Sun, 00/01/01, 08:20:55 
364,946714938,0.0,0.0,0.0,24.87,66.64,97980.8,0.0,7,364, Sun, 00/01/01, 08:22:18 
365,946715021,0.0,0.0,0.0,24.87,66.58,97978.09,0.0,7,365, Sun, 00/01/01, 08:23:41 
366,946715104,0.0,0.0,0.0,24.87,66.42,97982.4,0.0,7,366, Sun, 00/01/01, 08:25:04 
367,946715187,0.0,0.0,0.0,24.87,66.42,97981.59,0.0,7,367, Sun, 00/01/01, 08:26:27 
368,946715270,0.0,0.0,0.0,24.87,66.62,97981.32,0.0,7,368, Sun, 00/01/01, 08:27:50 
369,946715353,0.0,0.0,0.0,24.87,66.44,97986.22,0.0,7,369, Sun, 00/01/01, 08:29:13 
370,946715436,0.0,0.0,0.0,24.88,66.55,97982.4,0.0,7,370, Sun, 00/01/01, 08:30:36 
371,946715519,0.0,0.0,0.0,24.88,66.44,97988.94,0.0,7,371, Sun, 00/01/01, 08:31:59 
372,946715602,0.0,0.0,0.0,24.88,66.55,97994.36,0.0,5,372, Sun, 00/01/01, 08:33:22 
373,946715685,0.0,0.0,0.0,24.87,66.28,97987.01,0.0,7,373, Sun, 00/01/01, 08:34:45 
374,946715768,0.0,0.0,0.0,24.87,66.38,97992.44,0.0,7,374, Sun, 00/01/01, 08:36:08 
375,946715851,0.0,0.0,0.0,24.87,66.37,97997.86,0.0,7,375, Sun, 00/01/01, 08:37:31 
376,946715934,0.0,0.0,0.0,24.88,66.38,97994.36,0.0,7,376, Sun, 00/01/01, 08:38:54 
377,946716017,0.0,0.0,0.0,24.88,66.4,98001.38,0.0,7,377, Sun, 00/01/01, 08:40:17 
378,946716100,0.0,0.0,0.0,24.88,66.7,97992.17,0.0,7,378, Sun, 00/01/01, 08:41:40 
379,946716183,0.0,0.0,0.0,24.87,66.5,97993.25,0.0,7,379, Sun, 00/01/01, 08:43:03 
380,946716266,0.0,0.0,0.0,24.88,66.49,97995.14,0.0,7,380, Sun, 00/01/01, 08:44:26 
381,946716349,0.0,0.0,0.0,24.88,66.54,97997.59,0.0,7,381, Sun, 00/01/01, 08:45:49 
382,946716432,0.0,0.0,0.0,24.88,66.51,98003.01,0.0,7,382, Sun, 00/01/01, 08:47:12 
383,946716515,0.0,0.0,0.0,24.88,66.58,97995.14,0.0,7,383, Sun, 00/01/01, 08:48:35 
384,946716598,0.0,0.0,0.0,24.88,66.51,97998.67,0.0,7,384, Sun, 00/01/01, 08:49:58 
385,946716681,0.0,0.0,0.0,24.88,66.55,97997.59,0.0,7,385, Sun, 00/01/01, 08:51:21 
386,946716764,0.0,0.0,0.0,24.88,66.46,97995.96,0.0,7,386, Sun, 00/01/01, 08:52:44 
387,946716847,0.0,0.0,0.0,24.88,66.58,97984.03,0.0,7,387, Sun, 00/01/01, 08:54:07 
388,946716930,0.0,0.0,0.0,24.87,66.49,97993.25,0.0,7,388, Sun, 00/01/01, 08:55:30 
389,946717013,0.0,0.0,0.0,24.87,66.61,97994.06,0.0,7,389, Sun, 00/01/01, 08:56:53 
390,946717096,0.0,0.0,0.0,24.87,66.5,97993.25,0.0,7,390, Sun, 00/01/01, 08:58:16 
391,946717180,0.0,0.0,0.0,24.88,66.52,97994.87,0.0,7,391, Sun, 00/01/01, 08:59:40 
392,946717264,0.0,0.0,0.0,24.88,66.5,97994.06,0.0,7,392, Sun, 00/01/01, 09:01:04 
393,946717348,0.0,0.0,0.0,24.87,66.5,97999.78,0.0,7,393, Sun, 00/01/01, 09:02:28 
394,946717432,0.0,0.0,0.0,24.88,66.53,97997.86,0.0,7,394, Sun, 00/01/01, 09:03:52 
395,946717516,0.0,0.0,0.0,24.87,66.54,98002.49,0.0,7,395, Sun, 00/01/01, 09:05:16 
396,946717600,0.0,0.0,0.0,24.88,66.52,97997.86,0.0,7,396, Sun, 00/01/01, 09:06:40 
397,946717684,0.0,0.0,0.0,24.87,66.71,97998.67,0.0,7,397, Sun, 00/01/01, 09:08:04 
398,946717768,0.0,0.0,0.0,24.87,66.75,98000.86,0.0,7,398, Sun, 00/01/01, 09:09:28 
399,946717852,0.0,0.0,0.0,24.87,66.64,98004.09,0.0,7,399, Sun, 00/01/01, 09:10:52 
400,946717936,0.0,0.0,0.0,24.87,66.73,98010.32,0.0,4,400, Sun, 00/01/01, 09:12:16 
401,946718020,0.0,0.0,0.0,24.87,66.53,98004.09,0.0,7,401, Sun, 00/01/01, 09:13:40 
402,946718104,0.0,0.0,0.0,24.87,66.53,98008.7,0.0,7,402, Sun, 00/01/01, 09:15:04 
403,946718188,0.0,0.0,0.0,24.88,66.51,98005.99,0.0,7,403, Sun, 00/01/01, 09:16:28 
404,946718272,0.0,0.0,0.0,24.88,66.92,98009.51,0.0,7,404, Sun, 00/01/01, 09:17:52 
405,946718356,0.0,0.0,0.0,24.87,66.62,98009.51,0.0,7,405, Sun, 00/01/01, 09:19:16 
406,946718440,0.0,0.0,0.0,24.88,66.96,98009.51,0.0,7,406, Sun, 00/01/01, 09:20:40 
407,946718524,0.0,0.0,0.0,24.87,66.69,98014.94,0.0,7,407, Sun, 00/01/01, 09:22:04 
408,946718608,0.0,0.0,0.0,24.88,66.92,98020.36,0.0,7,408, Sun, 00/01/01, 09:23:28 
409,946718692,0.0,0.0,0.0,24.87,67.1,98019.55,0.0,7,409, Sun, 00/01/01, 09:24:52 
410,946718776,0.0,0.0,0.0,24.87,67.03,98020.36,0.0,7,410, Sun, 00/01/01, 09:26:16 
411,946718860,0.0,0.0,0.0,24.87,67.11,98023.07,0.0,7,411, Sun, 00/01/01, 09:27:40 
412,946718944,0.0,0.0,0.0,24.87,66.68,98021.47,0.0,7,412, Sun, 00/01/01, 09:29:04 
413,946719028,0.0,0.0,0.0,24.87,66.9,98024.97,0.0,7,413, Sun, 00/01/01, 09:30:28 
414,946719112,0.0,0.0,0.0,24.86,66.76,98022.25,0.0,7,414, Sun, 00/01/01, 09:31:52 
415,946719196,0.0,0.0,0.0,24.87,66.67,98027.67,0.0,7,415, Sun, 00/01/01, 09:33:16 
416,946719280,0.0,0.0,0.0,24.88,66.6,98026.89,0.0,7,416, Sun, 00/01/01, 09:34:40 
417,946719364,0.0,0.0,0.0,24.87,66.75,98024.18,0.0,7,417, Sun, 00/01/01, 09:36:04 
418,946719448,0.0,0.0,0.0,24.87,66.66,98024.97,0.0,7,418, Sun, 00/01/01, 09:37:28 
419,946719532,0.0,0.0,0.0,24.87,66.95,98024.18,0.0,6,419, Sun, 00/01/01, 09:38:52 
420,946719637,0.0,0.0,0.0,24.88,66.45,98018.75,0.0,7,420, Sun, 00/01/01, 09:40:37 
421,946719721,0.0,0.0,0.0,24.87,66.91,98022.55,0.0,6,421, Sun, 00/01/01, 09:42:01 
422,946719805,0.0,0.0,0.0,24.87,66.9,98018.75,0.0,4,422, Sun, 00/01/01, 09:43:25 
423,946719889,0.0,0.0,0.0,24.87,66.99,98020.36,0.0,6,423, Sun, 00/01/01, 09:44:49 
424,946719973,0.0,0.0,0.0,24.87,66.92,98016.05,0.0,6,424, Sun, 00/01/01, 09:46:13 
425,946720057,0.0,0.0,0.0,24.87,67.04,98017.94,0.0,6,425, Sun, 00/01/01, 09:47:37 
426,946720141,0.0,0.0,0.0,24.87,66.93,98011.4,0.0,6,426, Sun, 00/01/01, 09:49:01 
427,946720225,0.0,0.0,0.0,24.87,67.05,98018.75,0.0,6,427, Sun, 00/01/01, 09:50:25 
428,946720309,0.0,0.0,0.0,24.87,66.91,98012.51,0.0,6,428, Sun, 00/01/01, 09:51:49 
429,946720393,0.0,0.0,0.0,24.86,66.89,98021.47,0.0,6,429, Sun, 00/01/01, 09:53:13 
430,946720477,0.0,0.0,0.0,24.87,67.05,98011.7,0.0,4,430, Sun, 00/01/01, 09:54:37 
431,946720561,0.0,0.0,0.0,24.87,67.13,98015.52,0.0,6,431, Sun, 00/01/01, 09:56:01 
432,946720645,0.0,0.0,0.0,24.87,66.87,98017.94,0.0,6,432, Sun, 00/01/01, 09:57:25 
433,946720729,0.0,0.0,0.0,24.87,67.19,98018.75,0.0,6,433, Sun, 00/01/01, 09:58:49 
434,946720813,0.0,0.0,0.0,24.86,67.01,98018.75,0.0,6,434, Sun, 00/01/01, 10:00:13 
435,946720897,0.0,0.0,0.0,24.86,66.85,98022.55,0.0,6,435, Sun, 00/01/01, 10:01:37 
436,946720981,0.0,0.0,0.0,24.86,66.78,98027.15,0.0,6,436, Sun, 00/01/01, 10:03:01 
437,946721065,0.0,0.0,0.0,24.87,66.5,98025.25,0.0,6,437, Sun, 00/01/01, 10:04:25 
438,946721149,0.0,0.0,0.0,24.87,66.52,98019.84,0.0,3,438, Sun, 00/01/01, 10:05:49 
439,946721233,0.0,0.0,0.0,24.86,66.42,98014.42,0.0,6,439, Sun, 00/01/01, 10:07:13 
440,946721317,0.0,0.0,0.0,24.87,66.82,98019.84,0.0,6,440, Sun, 00/01/01, 10:08:37 
441,946721401,0.0,0.0,0.0,24.87,66.8,98024.18,0.0,6,441, Sun, 00/01/01, 10:10:01 
442,946721485,0.0,0.0,0.0,24.87,66.48,98023.36,0.0,6,442, Sun, 00/01/01, 10:11:25 
443,946721569,0.0,0.0,0.0,24.87,66.49,98021.74,0.0,5,443, Sun, 00/01/01, 10:12:49 
444,946721653,0.0,0.0,0.0,24.87,67.01,98028.78,0.0,6,444, Sun, 00/01/01, 10:14:13 
445,946721737,0.0,0.0,0.0,24.87,67.29,98027.97,0.0,6,445, Sun, 00/01/01, 10:15:37 
446,946721821,0.0,0.0,0.0,24.86,67.21,98030.68,0.0,6,446, Sun, 00/01/01, 10:17:01 
447,946721905,0.0,0.0,0.0,24.86,67.32,98033.39,0.0,6,447, Sun, 00/01/01, 10:18:25 
448,946721989,0.0,0.0,0.0,24.87,67.5,98021.74,0.0,6,448, Sun, 00/01/01, 10:19:49 
449,946722073,0.0,0.0,0.0,24.86,67.34,98030.68,0.0,6,449, Sun, 00/01/01, 10:21:13 
450,946722157,0.0,0.0,0.0,24.87,67.14,98029.86,0.0,6,450, Sun, 00/01/01, 10:22:37 
451,946722241,0.0,0.0,0.0,24.86,67.2,98034.2,0.0,6,451, Sun, 00/01/01, 10:24:01 
452,946722325,0.0,0.0,0.0,24.86,67.24,98023.65,0.0,6,452, Sun, 00/01/01, 10:25:25 
453,946722409,0.0,0.0,0.0,24.86,67.25,98026.37,0.0,6,453, Sun, 00/01/01, 10:26:49 
454,946722493,0.0,0.0,0.0,24.85,67.22,98018.24,0.0,6,454, Sun, 00/01/01, 10:28:13 
455,946722578,0.0,0.0,0.0,24.86,67.1,98024.74,0.0,6,455, Sun, 00/01/01, 10:29:38 
456,946722663,0.0,0.0,0.0,24.84,67.04,98024.74,0.0,6,456, Sun, 00/01/01, 10:31:03 
457,946722748,0.0,0.0,0.0,24.84,66.99,98024.74,0.0,6,457, Sun, 00/01/01, 10:32:28 
458,946722833,0.0,0.0,0.0,24.86,67.22,98023.65,0.0,6,458, Sun, 00/01/01, 10:33:53 
459,946722918,0.0,0.0,0.0,24.85,66.98,98021.21,0.0,6,459, Sun, 00/01/01, 10:35:18 
460,946723003,0.0,0.0,0.0,24.84,67.11,98019.31,0.0,6,460, Sun, 00/01/01, 10:36:43 
461,946723088,0.0,0.0,0.0,24.85,67.1,98019.31,0.0,6,461, Sun, 00/01/01, 10:38:08 
462,946723173,0.0,0.0,0.0,24.85,67.17,98019.31,0.0,6,462, Sun, 00/01/01, 10:39:33 
463,946723258,0.0,0.0,0.0,24.84,66.84,98013.89,0.0,6,463, Sun, 00/01/01, 10:40:58 
464,946723343,0.0,0.0,0.0,24.84,66.77,98018.5,0.0,6,464, Sun, 00/01/01, 10:42:23 
465,946723428,0.0,0.0,0.0,24.84,67.17,98013.07,0.0,6,465, Sun, 00/01/01, 10:43:48 
466,946723513,0.0,0.0,0.0,24.84,66.83,98019.31,0.0,6,466, Sun, 00/01/01, 10:45:13 
467,946723598,0.0,0.0,0.0,24.85,67.02,98013.89,0.0,6,467, Sun, 00/01/01, 10:46:38 
468,946723683,0.0,0.0,0.0,24.84,67.33,98015.78,0.0,6,468, Sun, 00/01/01, 10:48:03 
469,946723768,0.0,0.0,0.0,24.84,67.31,98015.0,0.0,6,469, Sun, 00/01/01, 10:49:28 
470,946723853,0.0,0.0,0.0,24.85,67.36,98019.31,0.0,6,470, Sun, 00/01/01, 10:50:53 
471,946723938,0.0,0.0,0.0,24.84,67.34,98013.07,0.0,6,471, Sun, 00/01/01, 10:52:18 
472,946724023,0.0,0.0,0.0,24.84,67.22,98019.61,0.0,6,472, Sun, 00/01/01, 10:53:43 
473,946724108,0.0,0.0,0.0,24.82,67.22,98012.3,0.0,6,473, Sun, 00/01/01, 10:55:08 
474,946724193,0.0,0.0,0.0,24.84,67.23,98013.07,0.0,6,474, Sun, 00/01/01, 10:56:33 
475,946724278,0.0,0.0,0.0,24.82,67.38,98015.0,0.0,6,475, Sun, 00/01/01, 10:57:58 
476,946724363,0.0,0.0,0.0,24.84,67.27,98016.89,0.0,6,476, Sun, 00/01/01, 10:59:23 
477,946724448,0.0,0.0,0.0,24.82,67.43,98017.72,0.0,6,477, Sun, 00/01/01, 11:00:48 
478,946724533,0.0,0.0,0.0,24.82,67.32,98011.47,0.0,6,478, Sun, 00/01/01, 11:02:13 
479,946724618,0.0,0.0,0.0,24.81,67.4,98013.37,0.0,6,479, Sun, 00/01/01, 11:03:38 
480,946724703,0.0,0.0,0.0,24.82,67.3,98011.47,0.0,6,480, Sun, 00/01/01, 11:05:03 
481,946724788,0.0,0.0,0.0,24.82,66.97,98006.87,0.0,6,481, Sun, 00/01/01, 11:06:28 
482,946724873,0.0,0.0,0.0,24.82,67.48,98013.37,0.0,6,482, Sun, 00/01/01, 11:07:53 
483,946724958,0.0,0.0,0.0,24.82,67.61,98007.95,0.0,6,483, Sun, 00/01/01, 11:09:18 
484,946725043,0.0,0.0,0.0,24.82,67.48,98010.65,0.0,6,484, Sun, 00/01/01, 11:10:43 
485,946725128,0.0,0.0,0.0,24.82,67.38,98015.26,0.0,6,485, Sun, 00/01/01, 11:12:08 
486,946725213,0.0,0.0,0.0,24.82,67.41,98005.24,0.0,6,486, Sun, 00/01/01, 11:13:33 
487,946725298,0.0,0.0,0.0,24.82,67.28,98007.95,0.0,6,487, Sun, 00/01/01, 11:14:58 
488,946725383,0.0,0.0,0.0,24.82,67.07,98010.65,0.0,3,488, Sun, 00/01/01, 11:16:23 
489,946725468,0.0,0.0,0.0,24.81,67.12,98008.76,0.0,6,489, Sun, 00/01/01, 11:17:48 
490,946725553,0.0,0.0,0.0,24.82,67.29,98009.57,0.0,6,490, Sun, 00/01/01, 11:19:13 
491,946725638,0.0,0.0,0.0,24.81,67.37,98014.49,0.0,6,491, Sun, 00/01/01, 11:20:38 
492,946725723,0.0,0.0,0.0,24.81,67.3,98016.89,0.0,6,492, Sun, 00/01/01, 11:22:03 
493,946725808,0.0,0.0,0.0,24.81,67.38,98017.97,0.0,6,493, Sun, 00/01/01, 11:23:28 
494,946725893,0.0,0.0,0.0,24.81,67.05,98015.26,0.0,6,494, Sun, 00/01/01, 11:24:53 
495,946725978,0.0,0.0,0.0,24.81,67.2,98017.97,0.0,6,495, Sun, 00/01/01, 11:26:18 
496,946726063,0.0,0.0,0.0,24.81,67.1,98020.69,0.0,6,496, Sun, 00/01/01, 11:27:43 
497,946726148,0.0,0.0,0.0,24.81,67.06,98014.49,0.0,6,497, Sun, 00/01/01, 11:29:08 
498,946726233,0.0,0.0,0.0,24.81,67.08,98019.9,0.0,6,498, Sun, 00/01/01, 11:30:33 
499,946726318,0.0,0.0,0.0,24.8,67.16,98017.97,0.0,6,499, Sun, 00/01/01, 11:31:58 
500,946726403,0.0,0.0,0.0,24.81,67.06,98012.55,0.0,6,500, Sun, 00/01/01, 11:33:23 
501,946726488,0.0,0.0,0.0,24.8,67.14,98013.66,0.0,6,501, Sun, 00/01/01, 11:34:48 
502,946726573,0.0,0.0,0.0,24.8,67.12,98015.56,0.0,6,502, Sun, 00/01/01, 11:36:13 
503,946726658,0.0,0.0,0.0,24.8,67.09,98013.66,0.0,6,503, Sun, 00/01/01, 11:37:38 
504,946726743,0.0,0.0,0.0,24.79,66.87,98020.99,0.0,6,504, Sun, 00/01/01, 11:39:03 
505,946726828,0.0,0.0,0.0,24.79,67.18,98018.26,0.0,6,505, Sun, 00/01/01, 11:40:28 
506,946726913,0.0,0.0,0.0,24.79,67.0,98015.56,0.0,6,506, Sun, 00/01/01, 11:41:53 
507,946726998,0.0,0.0,0.0,24.79,67.08,98020.16,0.0,6,507, Sun, 00/01/01, 11:43:18 
508,946727083,0.0,0.0,0.0,24.79,67.04,98017.45,0.0,4,508, Sun, 00/01/01, 11:44:43 
509,946727168,0.0,0.0,0.0,24.79,66.87,98013.95,0.0,6,509, Sun, 00/01/01, 11:46:08 
510,946727253,0.0,0.0,0.0,24.79,67.27,98016.66,0.0,6,510, Sun, 00/01/01, 11:47:33 
511,946727338,0.0,0.0,0.0,24.79,67.04,98016.66,0.0,6,511, Sun, 00/01/01, 11:48:58 
512,946727423,0.0,0.0,0.0,24.79,66.99,98016.66,0.0,6,512, Sun, 00/01/01, 11:50:23 
513,946727508,0.0,0.0,0.0,24.79,66.83,98005.82,0.0,6,513, Sun, 00/01/01, 11:51:48 
514,946727593,0.0,0.0,0.0,24.79,66.77,98013.14,0.0,6,514, Sun, 00/01/01, 11:53:13 
515,946727678,0.0,0.0,0.0,24.79,66.96,98010.43,0.0,6,515, Sun, 00/01/01, 11:54:38 
516,946727764,0.0,0.0,0.0,24.79,66.96,98013.44,0.0,6,516, Sun, 00/01/01, 11:56:04 
517,946727850,0.0,0.0,0.0,24.78,66.74,98012.03,0.0,6,517, Sun, 00/01/01, 11:57:30 
518,946727936,0.0,0.0,0.0,24.79,66.9,98013.14,0.0,6,518, Sun, 00/01/01, 11:58:56 
519,946728022,0.0,0.0,0.0,24.78,66.83,98015.03,0.0,6,519, Sun, 00/01/01, 12:00:22 
520,946728108,0.0,0.0,0.0,24.79,66.86,98007.72,0.0,6,520, Sun, 00/01/01, 12:01:48 
521,946728215,0.0,0.0,0.0,24.77,66.73,97997.95,0.0,6,521, Sun, 00/01/01, 12:03:35 
522,946728301,0.0,0.0,0.0,24.78,66.85,97997.17,0.0,6,522, Sun, 00/01/01, 12:05:01 
523,946728387,0.0,0.0,0.0,24.78,66.91,98000.66,0.0,6,523, Sun, 00/01/01, 12:06:27 
524,946728473,0.0,0.0,0.0,24.77,66.92,98005.3,0.0,6,524, Sun, 00/01/01, 12:07:53 
525,946728559,0.0,0.0,0.0,24.77,66.84,98007.19,0.0,6,525, Sun, 00/01/01, 12:09:19 
526,946728645,0.0,0.0,0.0,24.77,66.79,98006.9,0.0,6,526, Sun, 00/01/01, 12:10:45 
527,946728731,0.0,0.0,0.0,24.77,66.75,98005.3,0.0,6,527, Sun, 00/01/01, 12:12:11 
528,946728817,0.0,0.0,0.0,24.78,66.78,98000.96,0.0,6,528, Sun, 00/01/01, 12:13:37 
529,946728903,0.0,0.0,0.0,24.77,66.7,98002.59,0.0,6,529, Sun, 00/01/01, 12:15:03 
530,946728989,0.0,0.0,0.0,24.76,66.73,97999.88,0.0,6,530, Sun, 00/01/01, 12:16:29 
531,946729075,0.0,0.0,0.0,24.77,66.74,98004.49,0.0,6,531, Sun, 00/01/01, 12:17:55 
532,946729161,0.0,0.0,0.0,24.77,66.71,98000.96,0.0,6,532, Sun, 00/01/01, 12:19:21 
533,946729247,0.0,0.0,0.0,24.77,66.64,98005.3,0.0,6,533, Sun, 00/01/01, 12:20:47 
534,946729333,0.0,0.0,0.0,24.77,66.81,98001.77,0.0,6,534, Sun, 00/01/01, 12:22:13 
535,946729419,0.0,0.0,0.0,24.76,66.53,98000.14,0.0,6,535, Sun, 00/01/01, 12:23:39 
536,946729505,0.0,0.0,0.0,24.76,66.64,98006.67,0.0,6,536, Sun, 00/01/01, 12:25:05 
537,946729591,0.0,0.0,0.0,24.76,66.75,97995.53,0.0,6,537, Sun, 00/01/01, 12:26:31 
538,946729677,0.0,0.0,0.0,24.76,66.6,97994.72,0.0,6,538, Sun, 00/01/01, 12:27:57 
539,946729763,0.0,0.0,0.0,24.75,66.7,97997.43,0.0,6,539, Sun, 00/01/01, 12:29:23 
540,946729849,0.0,0.0,0.0,24.75,66.6,97993.94,0.0,6,540, Sun, 00/01/01, 12:30:49 
541,946729935,0.0,0.0,0.0,24.76,66.6,97991.22,0.0,6,541, Sun, 00/01/01, 12:32:15 
542,946730021,0.0,0.0,0.0,24.75,66.54,97993.94,0.0,6,542, Sun, 00/01/01, 12:33:41 
543,946730107,0.0,0.0,0.0,24.75,66.53,97991.22,0.0,6,543, Sun, 00/01/01, 12:35:07 
544,946730193,0.0,0.0,0.0,24.75,66.62,97993.12,0.0,6,544, Sun, 00/01/01, 12:36:33 
545,946730279,0.0,0.0,0.0,24.75,66.57,97989.59,0.0,6,545, Sun, 00/01/01, 12:37:59 
546,946730365,0.0,0.0,0.0,24.73,66.52,97980.39,0.0,6,546, Sun, 00/01/01, 12:39:25 
547,946730451,0.0,0.0,0.0,24.73,66.55,97986.06,0.0,6,547, Sun, 00/01/01, 12:40:51 
548,946730537,0.0,0.0,0.0,24.75,66.46,97991.49,0.0,6,548, Sun, 00/01/01, 12:42:17 
549,946730623,0.0,0.0,0.0,24.73,66.59,97986.89,0.0,6,549, Sun, 00/01/01, 12:43:43 
550,946730709,0.0,0.0,0.0,24.73,66.63,97995.01,0.0,6,550, Sun, 00/01/01, 12:45:09 
551,946730795,0.0,0.0,0.0,24.73,66.59,97989.59,0.0,6,551, Sun, 00/01/01, 12:46:35 
552,946730881,0.0,0.0,0.0,24.75,66.55,97985.28,0.0,6,552, Sun, 00/01/01, 12:48:01 
553,946730967,0.0,0.0,0.0,24.75,66.51,97993.42,0.0,6,553, Sun, 00/01/01, 12:49:27 
554,946731053,0.0,0.0,0.0,24.73,66.59,97985.28,0.0,6,554, Sun, 00/01/01, 12:50:53 
555,946731139,0.0,0.0,0.0,24.73,66.63,97998.84,0.0,6,555, Sun, 00/01/01, 12:52:19 
556,946731225,0.0,0.0,0.0,24.72,66.56,97993.42,0.0,3,556, Sun, 00/01/01, 12:53:45 
557,946731311,0.0,0.0,0.0,24.72,66.43,97990.7,0.0,6,557, Sun, 00/01/01, 12:55:11 
558,946731397,0.0,0.0,0.0,24.72,66.65,97994.46,0.0,6,558, Sun, 00/01/01, 12:56:37 
559,946731483,0.0,0.0,0.0,24.72,66.63,97988.22,0.0,6,559, Sun, 00/01/01, 12:58:03 
560,946731569,0.0,0.0,0.0,24.73,66.58,97990.7,0.0,6,560, Sun, 00/01/01, 12:59:29 
561,946731655,0.0,0.0,0.0,24.72,66.6,97995.28,0.0,6,561, Sun, 00/01/01, 13:00:55 
562,946731741,0.0,0.0,0.0,24.71,66.72,97993.64,0.0,6,562, Sun, 00/01/01, 13:02:21 
563,946731827,0.0,0.0,0.0,24.71,66.73,97997.17,0.0,6,563, Sun, 00/01/01, 13:03:47 
564,946731913,0.0,0.0,0.0,24.72,66.61,97996.36,0.0,6,564, Sun, 00/01/01, 13:05:13 
565,946731999,0.0,0.0,0.0,24.72,66.67,98000.69,0.0,6,565, Sun, 00/01/01, 13:06:39 
566,946732085,0.0,0.0,0.0,24.71,66.65,97997.99,0.0,6,566, Sun, 00/01/01, 13:08:05 
567,946732171,0.0,0.0,0.0,24.71,66.75,97996.36,0.0,6,567, Sun, 00/01/01, 13:09:31 
568,946732257,0.0,0.0,0.0,24.71,66.69,97994.46,0.0,6,568, Sun, 00/01/01, 13:10:57 
569,946732343,0.0,0.0,0.0,24.71,66.67,97996.36,0.0,6,569, Sun, 00/01/01, 13:12:23 
570,946732429,0.0,0.0,0.0,24.7,66.69,97998.25,0.0,6,570, Sun, 00/01/01, 13:13:49 
571,946732515,0.0,0.0,0.0,24.72,66.75,97993.64,0.0,6,571, Sun, 00/01/01, 13:15:15 
572,946732601,0.0,0.0,0.0,24.71,66.87,97989.32,0.0,3,572, Sun, 00/01/01, 13:16:41 
573,946732687,0.0,0.0,0.0,24.71,66.83,97989.32,0.0,6,573, Sun, 00/01/01, 13:18:07 
574,946732773,0.0,0.0,0.0,24.7,66.73,97986.62,0.0,6,574, Sun, 00/01/01, 13:19:33 
575,946732859,0.0,0.0,0.0,24.71,66.84,97982.28,0.0,6,575, Sun, 00/01/01, 13:20:59 
576,946732945,0.0,0.0,0.0,24.7,66.75,97978.49,0.0,6,576, Sun, 00/01/01, 13:22:25 
577,946733031,0.0,0.0,0.0,24.7,66.87,97976.56,0.0,6,577, Sun, 00/01/01, 13:23:51 
578,946733117,0.0,0.0,0.0,24.71,66.73,97977.67,0.0,6,578, Sun, 00/01/01, 13:25:17 
579,946733203,0.0,0.0,0.0,24.7,66.78,97977.67,0.0,5,579, Sun, 00/01/01, 13:26:43 
580,946733290,0.0,0.0,0.0,24.7,66.76,97973.34,0.0,6,580, Sun, 00/01/01, 13:28:10 
581,946733377,0.0,0.0,0.0,24.7,66.81,97971.44,0.0,5,581, Sun, 00/01/01, 13:29:37 
582,946733464,0.0,0.0,0.0,24.7,67.07,97968.74,0.0,5,582, Sun, 00/01/01, 13:31:04 
583,946733551,0.0,0.0,0.0,24.7,66.9,97967.91,0.0,5,583, Sun, 00/01/01, 13:32:31 
584,946733638,0.0,0.0,0.0,24.7,66.83,97967.91,0.0,5,584, Sun, 00/01/01, 13:33:58 
585,946733725,0.0,0.0,0.0,24.69,66.76,97973.34,0.0,5,585, Sun, 00/01/01, 13:35:25 
586,946733812,0.0,0.0,0.0,24.69,66.98,97979.57,0.0,5,586, Sun, 00/01/01, 13:36:52 
587,946733899,0.0,0.0,0.0,24.69,66.74,97974.44,0.0,5,587, Sun, 00/01/01, 13:38:19 
588,946733986,0.0,0.0,0.0,24.69,66.78,97973.34,0.0,5,588, Sun, 00/01/01, 13:39:46 
589,946734073,0.0,0.0,0.0,24.68,66.68,97976.05,0.0,5,589, Sun, 00/01/01, 13:41:13 
590,946734160,0.0,0.0,0.0,24.69,66.6,97971.74,0.0,5,590, Sun, 00/01/01, 13:42:40 
591,946734247,0.0,0.0,0.0,24.69,66.84,97976.86,0.0,5,591, Sun, 00/01/01, 13:44:07 
592,946734334,0.0,0.0,0.0,24.68,66.81,97977.97,0.0,5,592, Sun, 00/01/01, 13:45:34 
593,946734421,0.0,0.0,0.0,24.68,66.79,97974.74,0.0,5,593, Sun, 00/01/01, 13:47:01 
594,946734508,0.0,0.0,0.0,24.69,66.74,97970.92,0.0,5,594, Sun, 00/01/01, 13:48:28 
595,946734595,0.0,0.0,0.0,24.68,66.71,97975.52,0.0,5,595, Sun, 00/01/01, 13:49:55 
596,946734682,0.0,0.0,0.0,24.68,66.85,97970.1,0.0,5,596, Sun, 00/01/01, 13:51:22 
597,946734769,0.0,0.0,0.0,24.69,66.73,97978.24,0.0,5,597, Sun, 00/01/01, 13:52:49 
598,946734856,0.0,0.0,0.0,24.68,66.83,97970.1,0.0,5,598, Sun, 00/01/01, 13:54:16 
599,946734943,0.0,0.0,0.0,24.67,66.95,97970.1,0.0,5,599, Sun, 00/01/01, 13:55:43 
600,946735030,0.0,0.0,0.0,24.67,66.83,97969.31,0.0,5,600, Sun, 00/01/01, 13:57:10 
601,946735117,0.0,0.0,0.0,24.67,66.75,97963.07,0.0,5,601, Sun, 00/01/01, 13:58:37 
602,946735204,0.0,0.0,0.0,24.67,66.75,97963.9,0.0,5,602, Sun, 00/01/01, 14:00:04 
603,946735291,0.0,0.0,0.0,24.67,66.75,97964.69,0.0,5,603, Sun, 00/01/01, 14:01:31 
604,946735378,0.0,0.0,0.0,24.67,66.83,97967.69,0.0,5,604, Sun, 00/01/01, 14:02:58 
605,946735465,0.0,0.0,0.0,24.65,66.75,97959.55,0.0,5,605, Sun, 00/01/01, 14:04:25 
606,946735552,0.0,0.0,0.0,24.65,66.71,97967.69,0.0,5,606, Sun, 00/01/01, 14:05:52 
607,946735639,0.0,0.0,0.0,24.65,66.66,97966.61,0.0,5,607, Sun, 00/01/01, 14:07:19 
608,946735726,0.0,0.0,0.0,24.65,66.66,97971.21,0.0,5,608, Sun, 00/01/01, 14:08:46 
609,946735813,0.0,0.0,0.0,24.65,66.63,97963.37,0.0,5,609, Sun, 00/01/01, 14:10:13 
610,946735900,0.0,0.0,0.0,24.65,66.63,97973.11,0.0,5,610, Sun, 00/01/01, 14:11:40 
611,946735987,0.0,0.0,0.0,24.64,66.53,97968.5,0.0,5,611, Sun, 00/01/01, 14:13:07 
612,946736074,0.0,0.0,0.0,24.64,66.78,97965.8,0.0,5,612, Sun, 00/01/01, 14:14:34 
613,946736161,0.0,0.0,0.0,24.65,66.74,97966.09,0.0,5,613, Sun, 00/01/01, 14:16:01 
614,946736248,0.0,0.0,0.0,24.64,66.87,97966.87,0.0,5,614, Sun, 00/01/01, 14:17:28 
615,946736335,0.0,0.0,0.0,24.64,66.83,97967.99,0.0,5,615, Sun, 00/01/01, 14:18:55 
616,946736422,0.0,0.0,0.0,24.63,66.83,97961.75,0.0,5,616, Sun, 00/01/01, 14:20:22 
617,946736509,0.0,0.0,0.0,24.63,66.83,97973.4,0.0,5,617, Sun, 00/01/01, 14:21:49 
618,946736596,0.0,0.0,0.0,24.63,66.83,97965.26,0.0,5,618, Sun, 00/01/01, 14:23:16 
619,946736683,0.0,0.0,0.0,24.62,66.83,97964.45,0.0,5,619, Sun, 00/01/01, 14:24:43 
620,946736770,0.0,0.0,0.0,24.63,66.81,97963.64,0.0,5,620, Sun, 00/01/01, 14:26:10 
621,946736857,0.0,0.0,0.0,24.62,66.62,97965.56,0.0,5,621, Sun, 00/01/01, 14:27:37 
622,946736971,0.0,0.0,0.0,24.62,66.6,97960.14,0.0,5,622, Sun, 00/01/01, 14:29:31 
623,946737079,0.0,0.0,0.0,24.63,66.73,97967.45,0.0,5,623, Sun, 00/01/01, 14:31:19 
624,946737166,0.0,0.0,0.0,24.62,66.75,97969.06,0.0,5,624, Sun, 00/01/01, 14:32:46 
625,946737253,0.0,0.0,0.0,24.62,66.8,97971.76,0.0,5,625, Sun, 00/01/01, 14:34:13 
626,946737340,0.0,0.0,0.0,24.62,66.63,97969.06,0.0,5,626, Sun, 00/01/01, 14:35:40 
627,946737427,0.0,0.0,0.0,24.62,66.96,97967.45,0.0,5,627, Sun, 00/01/01, 14:37:07 
628,946737514,0.0,0.0,0.0,24.62,66.84,97969.35,0.0,5,628, Sun, 00/01/01, 14:38:34 
629,946737601,0.0,0.0,0.0,24.62,67.0,97975.59,0.0,5,629, Sun, 00/01/01, 14:40:01 
630,946737688,0.0,0.0,0.0,24.62,66.93,97966.64,0.0,5,630, Sun, 00/01/01, 14:41:28 
631,946737775,0.0,0.0,0.0,24.62,66.87,97972.87,0.0,5,631, Sun, 00/01/01, 14:42:55 
632,946737862,0.0,0.0,0.0,24.61,66.67,97960.4,0.0,5,632, Sun, 00/01/01, 14:44:22 
633,946737949,0.0,0.0,0.0,24.62,67.08,97970.46,0.0,5,633, Sun, 00/01/01, 14:45:49 
634,946738036,0.0,0.0,0.0,24.62,66.8,97966.94,0.0,5,634, Sun, 00/01/01, 14:47:16 
635,946738123,0.0,0.0,0.0,24.61,66.81,97965.82,0.0,5,635, Sun, 00/01/01, 14:48:43 
636,946738210,0.0,0.0,0.0,24.6,66.78,97975.87,0.0,5,636, Sun, 00/01/01, 14:50:10 
637,946738297,0.0,0.0,0.0,24.61,66.97,97969.64,0.0,5,637, Sun, 00/01/01, 14:51:37 
638,946738386,0.0,0.0,0.0,24.61,66.93,97981.3,0.0,5,638, Sun, 00/01/01, 14:53:06 
639,946738474,0.0,0.0,0.0,24.59,66.74,97976.14,0.0,5,639, Sun, 00/01/01, 14:54:34 
640,946738561,0.0,0.0,0.0,24.6,66.84,97984.01,0.0,5,640, Sun, 00/01/01, 14:56:01 
641,946738649,0.0,0.0,0.0,24.6,66.94,97985.9,0.0,5,641, Sun, 00/01/01, 14:57:29 
642,946738737,0.0,0.0,0.0,24.6,66.95,97976.95,0.0,5,642, Sun, 00/01/01, 14:58:57 
643,946738825,0.0,0.0,0.0,24.6,66.94,97985.09,0.0,5,643, Sun, 00/01/01, 15:00:25 
644,946738913,0.0,0.0,0.0,24.6,66.96,97984.27,0.0,5,644, Sun, 00/01/01, 15:01:53 
645,946739001,0.0,0.0,0.0,24.59,66.99,97979.67,0.0,5,645, Sun, 00/01/01, 15:03:21 
646,946739089,0.0,0.0,0.0,24.59,66.98,97978.06,0.0,5,646, Sun, 00/01/01, 15:04:49 
647,946739177,0.0,0.0,0.0,24.6,66.94,97984.27,0.0,5,647, Sun, 00/01/01, 15:06:17 
648,946739265,0.0,0.0,0.0,24.59,66.97,97981.56,0.0,5,648, Sun, 00/01/01, 15:07:45 
649,946739353,0.0,0.0,0.0,24.59,67.04,97982.67,0.0,5,649, Sun, 00/01/01, 15:09:13 
650,946739441,0.0,0.0,0.0,24.59,66.83,97978.32,0.0,5,650, Sun, 00/01/01, 15:10:41 
651,946739529,0.0,0.0,0.0,24.59,67.04,97974.54,0.0,5,651, Sun, 00/01/01, 15:12:09 
652,946739617,0.0,0.0,0.0,24.57,67.05,97978.32,0.0,5,652, Sun, 00/01/01, 15:13:37 
653,946739705,0.0,0.0,0.0,24.57,66.9,97975.36,0.0,5,653, Sun, 00/01/01, 15:15:05 
654,946739793,0.0,0.0,0.0,24.57,66.92,97976.44,0.0,5,654, Sun, 00/01/01, 15:16:33 
655,946739881,0.0,0.0,0.0,24.56,67.04,97975.62,0.0,5,655, Sun, 00/01/01, 15:18:01 
656,946739969,0.0,0.0,0.0,24.56,67.06,97978.32,0.0,5,656, Sun, 00/01/01, 15:19:29 
657,946740057,0.0,0.0,0.0,24.57,67.08,97972.9,0.0,5,657, Sun, 00/01/01, 15:20:57 
658,946740145,0.0,0.0,0.0,24.57,67.12,97977.55,0.0,5,658, Sun, 00/01/01, 15:22:25 
659,946740233,0.0,0.0,0.0,24.56,66.82,97974.84,0.0,5,659, Sun, 00/01/01, 15:23:53 
660,946740321,0.0,0.0,0.0,24.57,67.03,97974.84,0.0,5,660, Sun, 00/01/01, 15:25:21 
661,946740409,0.0,0.0,0.0,24.55,67.08,97974.01,0.0,5,661, Sun, 00/01/01, 15:26:49 
662,946740497,0.0,0.0,0.0,24.55,67.08,97972.38,0.0,5,662, Sun, 00/01/01, 15:28:17 
663,946740585,0.0,0.0,0.0,24.55,66.61,97972.38,0.0,5,663, Sun, 00/01/01, 15:29:45 
664,946740673,0.0,0.0,0.0,24.55,67.04,97966.97,0.0,5,664, Sun, 00/01/01, 15:31:13 
665,946740761,0.0,0.0,0.0,24.55,66.7,97978.62,0.0,5,665, Sun, 00/01/01, 15:32:41 
666,946740851,0.0,0.0,0.0,24.55,67.12,97978.62,0.0,5,666, Sun, 00/01/01, 15:34:11 
667,946740939,0.0,0.0,0.0,24.55,67.14,97982.15,0.0,5,667, Sun, 00/01/01, 15:35:39 
668,946741027,0.0,0.0,0.0,24.54,66.63,97970.78,0.0,5,668, Sun, 00/01/01, 15:37:07 
669,946741115,0.0,0.0,0.0,24.54,66.97,97966.44,0.0,5,669, Sun, 00/01/01, 15:38:35 
670,946741203,0.0,0.0,0.0,24.54,67.15,97977.28,0.0,5,670, Sun, 00/01/01, 15:40:03 
671,946741291,0.0,0.0,0.0,24.54,66.96,97973.49,0.0,5,671, Sun, 00/01/01, 15:41:31 
672,946741379,0.0,0.0,0.0,24.54,66.99,97974.57,0.0,5,672, Sun, 00/01/01, 15:42:59 
673,946741467,0.0,0.0,0.0,24.54,67.01,97972.97,0.0,5,673, Sun, 00/01/01, 15:44:27 
674,946741555,0.0,0.0,0.0,24.52,67.07,97972.15,0.0,5,674, Sun, 00/01/01, 15:45:55 
675,946741643,0.0,0.0,0.0,24.52,66.95,97978.39,0.0,5,675, Sun, 00/01/01, 15:47:23 
676,946741731,0.0,0.0,0.0,24.52,66.98,97981.1,0.0,5,676, Sun, 00/01/01, 15:48:51 
677,946741819,0.0,0.0,0.0,24.51,67.1,97976.75,0.0,5,677, Sun, 00/01/01, 15:50:19 
678,946741907,0.0,0.0,0.0,24.51,67.13,97980.28,0.0,5,678, Sun, 00/01/01, 15:51:47 
679,946741995,0.0,0.0,0.0,24.51,66.98,97980.57,0.0,5,679, Sun, 00/01/01, 15:53:15 
680,946742083,0.0,0.0,0.0,24.51,66.98,97978.94,0.0,5,680, Sun, 00/01/01, 15:54:43 
681,946742171,0.0,0.0,0.0,24.5,67.17,97978.15,0.0,5,681, Sun, 00/01/01, 15:56:11 
682,946742259,0.0,0.0,0.0,24.51,67.31,97975.15,0.0,5,682, Sun, 00/01/01, 15:57:39 
683,946742347,0.0,0.0,0.0,24.5,66.95,97971.92,0.0,5,683, Sun, 00/01/01, 15:59:07 
684,946742435,0.0,0.0,0.0,24.5,67.21,97981.65,0.0,5,684, Sun, 00/01/01, 16:00:35 
685,946742523,0.0,0.0,0.0,24.47,67.36,97983.57,0.0,5,685, Sun, 00/01/01, 16:02:03 
686,946742611,0.0,0.0,0.0,24.46,67.16,97978.15,0.0,5,686, Sun, 00/01/01, 16:03:31 
687,946742699,0.0,0.0,0.0,24.47,67.15,97977.34,0.0,5,687, Sun, 00/01/01, 16:04:59 
688,946742787,0.0,0.0,0.0,24.47,67.09,97977.34,0.0,5,688, Sun, 00/01/01, 16:06:27 
689,946742875,0.0,0.0,0.0,24.47,67.21,97985.47,0.0,5,689, Sun, 00/01/01, 16:07:55 
690,946742963,0.0,0.0,0.0,24.47,67.25,97975.71,0.0,5,690, Sun, 00/01/01, 16:09:23 
691,946743051,0.0,0.0,0.0,24.46,67.36,97975.71,0.0,4,691, Sun, 00/01/01, 16:10:51 
692,946743139,0.0,0.0,0.0,24.46,67.22,97975.71,0.0,4,692, Sun, 00/01/01, 16:12:19 
693,946743228,0.0,0.0,0.0,24.45,67.3,97967.87,0.0,4,693, Sun, 00/01/01, 16:13:48 
694,946743316,0.0,0.0,0.0,24.46,67.26,97970.59,0.0,4,694, Sun, 00/01/01, 16:15:16 
695,946743404,0.0,0.0,0.0,24.45,67.23,97970.59,0.0,4,695, Sun, 00/01/01, 16:16:44 
696,946743492,0.0,0.0,0.0,24.45,67.21,97974.11,0.0,4,696, Sun, 00/01/01, 16:18:12 
697,946743580,0.0,0.0,0.0,24.45,67.19,97962.45,0.0,4,697, Sun, 00/01/01, 16:19:40 
698,946743668,0.0,0.0,0.0,24.45,67.44,97971.65,0.0,4,698, Sun, 00/01/01, 16:21:08 
699,946743756,0.0,0.0,0.0,24.45,67.28,97975.49,0.0,4,699, Sun, 00/01/01, 16:22:36 
700,946743844,0.0,0.0,0.0,24.45,67.29,97975.49,0.0,4,700, Sun, 00/01/01, 16:24:04 
701,946743932,0.0,0.0,0.0,24.45,67.51,97974.65,0.0,4,701, Sun, 00/01/01, 16:25:32 
702,946744021,0.0,0.0,0.0,24.45,67.33,97982.79,0.0,4,702, Sun, 00/01/01, 16:27:01 
703,946744110,0.0,0.0,0.0,24.44,67.27,97980.07,0.0,4,703, Sun, 00/01/01, 16:28:30 
704,946744199,0.0,0.0,0.0,24.43,67.29,97982.79,0.0,4,704, Sun, 00/01/01, 16:29:59 
705,946744288,0.0,0.0,0.0,24.43,67.36,97982.79,0.0,4,705, Sun, 00/01/01, 16:31:28 
706,946744377,0.0,0.0,0.0,24.43,67.34,97985.5,0.0,4,706, Sun, 00/01/01, 16:32:57 
707,946744466,0.0,0.0,0.0,24.42,67.44,97990.1,0.0,4,707, Sun, 00/01/01, 16:34:26 
708,946744555,0.0,0.0,0.0,24.42,67.34,97989.31,0.0,4,708, Sun, 00/01/01, 16:35:55 
709,946744644,0.0,0.0,0.0,24.42,67.36,97983.9,0.0,4,709, Sun, 00/01/01, 16:37:24 
710,946744733,0.0,0.0,0.0,24.42,67.4,97993.1,0.0,4,710, Sun, 00/01/01, 16:38:53 
711,946744822,0.0,0.0,0.0,24.4,67.48,97980.66,0.0,4,711, Sun, 00/01/01, 16:40:22 
712,946744911,0.0,0.0,0.0,24.39,67.43,97989.57,0.0,4,712, Sun, 00/01/01, 16:41:51 
713,946745000,0.0,0.0,0.0,24.4,67.41,97986.86,0.0,4,713, Sun, 00/01/01, 16:43:20 
714,946745089,0.0,0.0,0.0,24.39,67.42,97983.37,0.0,4,714, Sun, 00/01/01, 16:44:49 
715,946745178,0.0,0.0,0.0,24.39,67.59,97990.69,0.0,4,715, Sun, 00/01/01, 16:46:18 
716,946745267,0.0,0.0,0.0,24.39,67.44,97982.55,0.0,4,716, Sun, 00/01/01, 16:47:47 
717,946745356,0.0,0.0,0.0,24.39,67.55,97996.1,0.0,4,717, Sun, 00/01/01, 16:49:16 
718,946745445,0.0,0.0,0.0,24.38,67.5,97992.57,0.0,4,718, Sun, 00/01/01, 16:50:45 
719,946745534,0.0,0.0,0.0,24.38,67.52,97989.05,0.0,4,719, Sun, 00/01/01, 16:52:14 
720,946745623,0.0,0.0,0.0,24.38,67.59,97989.05,0.0,4,720, Sun, 00/01/01, 16:53:43 
721,946745712,0.0,0.0,0.0,24.38,67.48,97991.75,0.0,4,721, Sun, 00/01/01, 16:55:12 
722,946745801,0.0,0.0,0.0,24.38,67.58,97989.05,0.0,4,722, Sun, 00/01/01, 16:56:41 
723,946745890,0.0,0.0,0.0,24.37,67.58,97994.47,0.0,4,723, Sun, 00/01/01, 16:58:10 
724,946745988,0.0,0.0,0.0,24.37,67.65,97998.0,0.0,3,724, Sun, 00/01/01, 16:59:48 
725,946746085,0.0,0.0,0.0,24.37,67.61,97990.97,0.0,3,725, Sun, 00/01/01, 17:01:25 
726,946746181,0.0,0.0,0.0,24.37,67.7,97994.75,0.0,3,726, Sun, 00/01/01, 17:03:01 
727,946746297,0.0,0.0,0.0,24.37,67.65,97994.75,0.0,3,727, Sun, 00/01/01, 17:04:57 
728,946746407,0.0,0.0,0.0,24.37,67.69,97997.47,0.0,3,728, Sun, 00/01/01, 17:06:47 
729,946746496,0.0,0.0,0.0,24.37,67.75,97997.47,0.0,3,729, Sun, 00/01/01, 17:08:16 
730,946746585,0.0,0.0,0.0,24.37,67.69,97986.64,0.0,3,730, Sun, 00/01/01, 17:09:45 
731,946746674,0.0,0.0,0.0,24.36,67.7,97993.15,0.0,3,731, Sun, 00/01/01, 17:11:14 
732,946746763,0.0,0.0,0.0,24.36,67.83,97993.94,0.0,3,732, Sun, 00/01/01, 17:12:43 
733,946746852,0.0,0.0,0.0,24.36,67.8,97990.45,0.0,3,733, Sun, 00/01/01, 17:14:12 
734,946746941,0.0,0.0,0.0,24.36,67.61,97989.63,0.0,3,734, Sun, 00/01/01, 17:15:41 
735,946747030,0.0,0.0,0.0,24.36,67.9,97990.45,0.0,3,735, Sun, 00/01/01, 17:17:10 
736,946747119,0.0,0.0,0.0,24.36,67.76,97988.81,0.0,3,736, Sun, 00/01/01, 17:18:39 
737,946747208,0.0,0.0,0.0,24.35,67.81,97988.81,0.0,3,737, Sun, 00/01/01, 17:20:08 
738,946747297,0.0,0.0,0.0,24.36,67.88,97989.63,0.0,3,738, Sun, 00/01/01, 17:21:37 
739,946747386,0.0,0.0,0.0,24.36,67.81,97995.87,0.0,3,739, Sun, 00/01/01, 17:23:06 
740,946747475,0.0,0.0,0.0,24.35,67.82,97998.84,0.0,3,740, Sun, 00/01/01, 17:24:35 
741,946747564,0.0,0.0,0.0,24.34,67.79,98005.89,0.0,0,741, Sun, 00/01/01, 17:26:04 
742,946747653,0.0,0.0,0.0,24.35,67.79,98000.47,0.0,3,742, Sun, 00/01/01, 17:27:33 
743,946747742,0.0,0.0,0.0,24.35,67.81,98013.19,0.0,3,743, Sun, 00/01/01, 17:29:02 
744,946747831,0.0,0.0,0.0,24.35,67.79,98012.37,0.0,3,744, Sun, 00/01/01, 17:30:31 
745,946747920,0.0,0.0,0.0,24.34,67.77,98008.89,0.0,2,745, Sun, 00/01/01, 17:32:00 
746,946748009,0.0,0.0,0.0,24.35,67.76,98008.89,0.0,2,746, Sun, 00/01/01, 17:33:29 
747,946748098,0.0,0.0,0.0,24.35,67.8,98014.3,0.0,2,747, Sun, 00/01/01, 17:34:58 
748,946748187,0.0,0.0,0.0,24.35,67.74,98025.14,0.0,2,748, Sun, 00/01/01, 17:36:27 
749,946748276,0.0,0.0,0.0,24.34,67.79,98013.49,0.0,2,749, Sun, 00/01/01, 17:37:56 
750,946748365,0.0,0.0,0.0,24.34,67.69,98015.09,0.0,2,750, Sun, 00/01/01, 17:39:25 
751,946748454,0.0,0.0,0.0,24.34,67.64,98019.72,0.0,2,751, Sun, 00/01/01, 17:40:54 
752,946748543,0.0,0.0,0.0,24.35,67.77,98017.01,0.0,2,752, Sun, 00/01/01, 17:42:23 
753,946748632,0.0,0.0,0.0,24.35,67.81,98025.14,0.0,2,753, Sun, 00/01/01, 17:43:52 
754,946748721,0.0,0.0,0.0,24.34,67.76,98019.72,0.0,2,754, Sun, 00/01/01, 17:45:21 
755,946748810,0.0,0.0,0.0,24.35,67.78,98017.01,0.0,2,755, Sun, 00/01/01, 17:46:50 
756,946748899,0.0,0.0,0.0,24.32,67.8,98016.19,0.0,2,756, Sun, 00/01/01, 17:48:19 
757,946748988,0.0,0.0,0.0,24.35,67.8,98008.89,0.0,2,757, Sun, 00/01/01, 17:49:48 
758,946749077,0.0,0.0,0.0,24.34,67.84,98014.3,0.0,2,758, Sun, 00/01/01, 17:51:17 
759,946749166,0.0,0.0,0.0,24.35,67.86,98015.9,0.0,2,759, Sun, 00/01/01, 17:52:46 
760,946749255,0.0,0.0,0.0,24.35,67.87,98016.19,0.0,2,760, Sun, 00/01/01, 17:54:15 
761,946749344,0.0,0.0,0.0,24.34,67.89,98013.49,0.0,2,761, Sun, 00/01/01, 17:55:44 
762,946749433,0.0,0.0,0.0,24.32,67.95,98016.19,0.0,2,762, Sun, 00/01/01, 17:57:13 
763,946749522,0.0,0.0,0.0,24.31,67.96,98016.49,0.0,2,763, Sun, 00/01/01, 17:58:42 
764,946749611,0.0,0.0,0.0,24.31,67.99,98017.56,0.0,0,764, Sun, 00/01/01, 18:00:11 
765,946749701,0.0,0.0,0.0,24.32,68.0,98020.26,0.0,1,765, Sun, 00/01/01, 18:01:41 
766,946749791,0.0,0.0,0.0,24.31,68.01,98016.49,0.0,0,766, Sun, 00/01/01, 18:03:11 
767,946749881,0.0,0.0,0.0,24.31,68.0,98022.69,0.0,1,767, Sun, 00/01/01, 18:04:41 
768,946749971,0.0,0.0,0.0,24.3,68.0,98027.32,0.0,1,768, Sun, 00/01/01, 18:06:11 
769,946750061,0.0,0.0,0.0,24.31,67.91,98025.69,0.0,1,769, Sun, 00/01/01, 18:07:41 
770,946750151,0.0,0.0,0.0,24.31,67.92,98031.92,0.0,1,770, Sun, 00/01/01, 18:09:11 
771,946750241,0.0,0.0,0.0,24.31,67.96,98025.4,0.0,1,771, Sun, 00/01/01, 18:10:41 
772,946750331,0.0,0.0,0.0,24.31,67.93,98030.03,0.0,1,772, Sun, 00/01/01, 18:12:11 
773,946750421,0.0,0.0,0.0,24.31,67.83,98027.32,0.0,1,773, Sun, 00/01/01, 18:13:41 
774,946750511,0.0,0.0,0.0,24.31,67.95,98021.9,0.0,1,774, Sun, 00/01/01, 18:15:11 
775,946750601,0.0,0.0,0.0,24.31,67.96,98022.69,1.0,1,775, Sun, 00/01/01, 18:16:41 
776,946750691,0.0,0.0,0.0,24.31,68.0,98029.21,1.0,0,776, Sun, 00/01/01, 18:18:11 
777,946750781,0.0,0.0,0.0,24.31,67.98,98032.74,1.0,1,777, Sun, 00/01/01, 18:19:41 
778,946750871,0.0,0.0,0.0,24.32,67.86,98030.03,1.0,1,778, Sun, 00/01/01, 18:21:11 
779,946750961,0.0,0.0,0.0,24.31,68.02,98028.11,2.0,1,779, Sun, 00/01/01, 18:22:41 
780,946751051,0.0,0.0,0.0,24.31,68.02,98034.62,3.0,0,780, Sun, 00/01/01, 18:24:11 
781,946751141,0.0,0.0,0.0,24.31,68.05,98035.45,5.0,0,781, Sun, 00/01/01, 18:25:41 
782,946751231,0.0,0.0,0.0,24.31,68.06,98038.15,5.0,0,782, Sun, 00/01/01, 18:27:11 
783,946751321,0.0,0.0,0.0,24.31,68.07,98040.05,6.0,0,783, Sun, 00/01/01, 18:28:41 
784,946751411,0.0,0.0,0.0,24.31,68.05,98044.65,8.0,0,784, Sun, 00/01/01, 18:30:11 
785,946751501,0.0,0.0,0.0,24.3,68.05,98044.65,9.0,0,785, Sun, 00/01/01, 18:31:41 
786,946751591,0.0,0.0,0.0,24.31,68.03,98048.17,10.0,0,786, Sun, 00/01/01, 18:33:11 
787,946751681,0.0,0.0,0.0,24.31,68.08,98048.17,12.0,0,787, Sun, 00/01/01, 18:34:41 
788,946751771,0.0,0.0,0.0,24.3,68.05,98048.99,14.0,0,788, Sun, 00/01/01, 18:36:11 
789,946751861,0.0,0.0,0.0,24.31,68.07,98051.95,17.0,0,789, Sun, 00/01/01, 18:37:41 
790,946751951,0.0,0.0,0.0,24.3,68.09,98059.82,18.0,0,790, Sun, 00/01/01, 18:39:11 
791,946752041,0.0,0.0,0.0,24.31,68.11,98057.37,21.0,0,791, Sun, 00/01/01, 18:40:41 
792,946752131,0.0,0.0,0.0,24.31,67.93,98059.0,25.0,0,792, Sun, 00/01/01, 18:42:11 
793,946752221,0.0,0.0,0.0,24.31,68.12,98056.3,28.0,0,793, Sun, 00/01/01, 18:43:41 
794,946752311,0.0,0.0,0.0,24.31,68.13,98059.0,32.0,0,794, Sun, 00/01/01, 18:45:11 
795,946752401,0.0,0.0,0.0,24.32,68.13,98059.0,35.0,0,795, Sun, 00/01/01, 18:46:41 
796,946752491,0.0,0.0,0.0,24.3,68.15,98062.53,38.0,0,796, Sun, 00/01/01, 18:48:11 
797,946752581,0.0,0.0,0.0,24.31,68.12,98054.4,43.0,0,797, Sun, 00/01/01, 18:49:41 
798,946752671,0.0,0.0,0.0,24.3,68.13,98066.31,48.0,0,798, Sun, 00/01/01, 18:51:11 
799,946752761,0.0,0.0,0.0,24.3,68.11,98061.72,52.0,0,799, Sun, 00/01/01, 18:52:41 
800,946752851,0.0,0.0,0.0,24.31,68.11,98067.14,56.0,0,800, Sun, 00/01/01, 18:54:11 
801,946752941,0.0,0.0,0.0,24.32,68.1,98057.12,60.0,0,801, Sun, 00/01/01, 18:55:41 
802,946753033,0.0,0.0,0.0,24.31,68.09,98063.61,65.0,0,802, Sun, 00/01/01, 18:57:13 
803,946753123,0.0,0.0,0.0,24.31,68.08,98068.74,69.0,0,803, Sun, 00/01/01, 18:58:43 
804,946753213,0.0,0.0,0.0,24.31,68.06,98064.42,73.0,0,804, Sun, 00/01/01, 19:00:13 
805,946753303,0.0,0.0,0.0,24.31,68.04,98062.53,77.0,0,805, Sun, 00/01/01, 19:01:43 
806,946753393,0.0,0.0,0.0,24.3,68.08,98063.32,82.0,0,806, Sun, 00/01/01, 19:03:13 
807,946753483,0.0,0.0,0.0,24.31,68.04,98067.14,85.0,0,807, Sun, 00/01/01, 19:04:43 
808,946753573,0.0,0.0,0.0,24.31,68.02,98069.84,89.0,0,808, Sun, 00/01/01, 19:06:13 
809,946753663,0.0,0.0,0.0,24.31,68.02,98071.44,93.0,0,809, Sun, 00/01/01, 19:07:43 
810,946753753,0.0,0.0,0.0,24.32,68.02,98072.26,97.0,0,810, Sun, 00/01/01, 19:09:13 
811,946753843,0.0,0.0,0.0,24.31,68.0,98080.39,102.0,0,811, Sun, 00/01/01, 19:10:43 
812,946753933,0.0,0.0,0.0,24.32,67.95,98078.79,106.0,0,812, Sun, 00/01/01, 19:12:13 
813,946754023,0.0,0.0,0.0,24.32,67.95,98078.79,110.0,0,813, Sun, 00/01/01, 19:13:43 
814,946754113,0.0,0.0,0.0,24.31,67.8,98076.07,115.0,0,814, Sun, 00/01/01, 19:15:13 
815,946754203,0.0,0.0,0.0,24.32,67.83,98074.44,119.0,0,815, Sun, 00/01/01, 19:16:43 
816,946754293,0.0,0.0,0.0,24.31,67.93,98076.86,123.0,0,816, Sun, 00/01/01, 19:18:13 
817,946754383,0.0,0.0,0.0,24.31,67.75,98076.07,128.0,0,817, Sun, 00/01/01, 19:19:43 
818,946754473,0.0,0.0,0.0,24.32,67.81,98076.86,134.0,0,818, Sun, 00/01/01, 19:21:13 
819,946754563,0.0,0.0,0.0,24.32,67.79,98080.39,140.0,0,819, Sun, 00/01/01, 19:22:43 
820,946754653,0.0,0.0,0.0,24.32,67.54,98079.57,145.0,0,820, Sun, 00/01/01, 19:24:13 
821,946754743,0.0,0.0,0.0,24.32,67.59,98080.39,149.0,0,821, Sun, 00/01/01, 19:25:43 
822,946754833,0.0,0.0,0.0,24.34,67.38,98088.51,152.0,0,822, Sun, 00/01/01, 19:27:13 
823,946754923,0.0,0.0,0.0,24.34,67.67,98091.22,153.0,0,823, Sun, 00/01/01, 19:28:43 
824,946755013,0.0,0.0,0.0,24.34,67.27,98092.86,156.0,0,824, Sun, 00/01/01, 19:30:13 
825,946755103,0.0,0.0,0.0,24.35,67.42,98096.35,158.0,0,825, Sun, 00/01/01, 19:31:43 
826,946755194,0.0,0.0,0.0,24.35,67.19,98090.15,160.0,0,826, Sun, 00/01/01, 19:33:14 
827,946755285,0.0,0.0,0.0,24.34,67.09,98093.64,161.0,0,827, Sun, 00/01/01, 19:34:45 
828,946755376,0.0,0.0,0.0,24.34,67.11,98102.59,161.0,0,828, Sun, 00/01/01, 19:36:16 
829,946755475,0.0,0.0,0.0,24.35,67.2,98097.99,162.0,0,829, Sun, 00/01/01, 19:37:55 
830,946755574,0.0,0.0,0.0,24.35,66.99,98099.87,165.0,0,830, Sun, 00/01/01, 19:39:34 
831,946755673,0.0,0.0,0.0,24.35,66.85,98099.06,168.0,0,831, Sun, 00/01/01, 19:41:13 
832,946755770,0.0,0.0,0.0,24.35,66.77,98108.0,169.0,0,832, Sun, 00/01/01, 19:42:50 
833,946755870,0.0,0.0,0.0,24.36,66.97,98108.0,169.0,0,833, Sun, 00/01/01, 19:44:30 
834,946755969,0.0,0.0,0.0,24.35,66.95,98116.95,167.0,0,834, Sun, 00/01/01, 19:46:09 
835,946756068,0.0,0.0,0.0,24.36,66.63,98114.24,169.0,0,835, Sun, 00/01/01, 19:47:48 
836,946756168,0.0,0.0,0.0,24.36,66.71,98108.82,175.0,0,836, Sun, 00/01/01, 19:49:28 
